0.010000,1.000000,1.000001,1.000000,0.010000,1.000001,0.999801
0.020000,1.000000,1.000003,1.000000,0.020000,1.000005,0.999412
0.030000,1.000000,1.000003,0.999998,0.030000,1.000012,0.999041
0.040000,0.999999,1.000001,0.999993,0.040000,1.000022,0.998692
0.050000,0.999999,0.999995,0.999984,0.050000,1.000032,0.998365
0.060000,0.999997,0.999984,0.999968,0.060000,1.000043,0.998062
0.070000,0.999995,0.999968,0.999947,0.070000,1.000053,0.997783
0.080000,0.999993,0.999946,0.999920,0.080000,1.000061,0.997530
0.090000,0.999990,0.999919,0.999888,0.090000,1.000067,0.997303
0.100000,0.999986,0.999887,0.999850,0.100000,1.000071,0.997101
0.110000,0.999982,0.999850,0.999807,0.110000,1.000071,0.996925
0.120000,0.999976,0.999808,0.999760,0.120000,1.000069,0.996775
0.130000,0.999971,0.999763,0.999707,0.130000,1.000063,0.996649
0.140000,0.999964,0.999713,0.999650,0.140000,1.000054,0.996549
0.150000,0.999957,0.999659,0.999588,0.150000,1.000043,0.996473
0.160000,0.999949,0.999601,0.999522,0.160000,1.000030,0.996421
0.170000,0.999941,0.999538,0.999450,0.170000,1.000013,0.996395
0.180000,0.999932,0.999470,0.999372,0.180000,0.999995,0.996393
0.190000,0.999923,0.999396,0.999289,0.190000,0.999973,0.996416
0.200000,0.999913,0.999317,0.999201,0.200000,0.999950,0.996463
0.210000,0.999903,0.999233,0.999108,0.210000,0.999925,0.996534
0.220000,0.999892,0.999146,0.999013,0.220000,0.999899,0.996626
0.230000,0.999881,0.999056,0.998915,0.230000,0.999873,0.996740
0.240000,0.999870,0.998964,0.998817,0.240000,0.999847,0.996873
0.250000,0.999858,0.998871,0.998720,0.250000,0.999822,0.997025
0.260000,0.999846,0.998777,0.998624,0.260000,0.999798,0.997195
0.270000,0.999835,0.998685,0.998531,0.270000,0.999776,0.997380
0.280000,0.999823,0.998595,0.998443,0.280000,0.999756,0.997580
0.290000,0.999811,0.998509,0.998361,0.290000,0.999739,0.997793
0.300000,0.999799,0.998427,0.998286,0.300000,0.999725,0.998017
0.310000,0.999787,0.998351,0.998220,0.310000,0.999715,0.998252
0.320000,0.999776,0.998282,0.998163,0.320000,0.999709,0.998496
0.330000,0.999765,0.998221,0.998118,0.330000,0.999707,0.998747
0.340000,0.999754,0.998169,0.998084,0.340000,0.999710,0.999004
0.350000,0.999744,0.998129,0.998061,0.350000,0.999718,0.999267
0.360000,0.999735,0.998099,0.998048,0.360000,0.999731,0.999535
0.370000,0.999726,0.998080,0.998043,0.370000,0.999750,0.999805
0.380000,0.999718,0.998071,0.998045,0.380000,0.999774,1.000079
0.390000,0.999711,0.998071,0.998055,0.390000,0.999803,1.000354
0.400000,0.999705,0.998079,0.998073,0.400000,0.999838,1.000629
0.410000,0.999699,0.998096,0.998100,0.410000,0.999878,1.000903
0.420000,0.999696,0.998121,0.998135,0.420000,0.999924,1.001175
0.430000,0.999693,0.998155,0.998180,0.430000,0.999974,1.001443
0.440000,0.999691,0.998199,0.998236,0.440000,1.000028,1.001706
0.450000,0.999691,0.998253,0.998302,0.450000,1.000087,1.001963
0.460000,0.999693,0.998318,0.998379,0.460000,1.000149,1.002213
0.470000,0.999696,0.998393,0.998468,0.470000,1.000214,1.002455
0.480000,0.999700,0.998479,0.998569,0.480000,1.000282,1.002688
0.490000,0.999706,0.998577,0.998680,0.490000,1.000352,1.002911
0.500000,0.999713,0.998686,0.998804,0.500000,1.000423,1.003124
0.510000,0.999722,0.998806,0.998938,0.510000,1.000495,1.003325
0.520000,0.999733,0.998937,0.999083,0.520000,1.000568,1.003514
0.530000,0.999745,0.999079,0.999238,0.530000,1.000641,1.003691
0.540000,0.999759,0.999231,0.999402,0.540000,1.000713,1.003856
0.550000,0.999775,0.999392,0.999575,0.550000,1.000784,1.004008
0.560000,0.999792,0.999562,0.999755,0.560000,1.000853,1.004146
0.570000,0.999811,0.999740,0.999941,0.570000,1.000920,1.004272
0.580000,0.999831,0.999926,1.000133,0.580000,1.000984,1.004384
0.590000,0.999853,1.000118,1.000330,0.590000,1.001046,1.004483
0.600000,0.999876,1.000316,1.000530,0.600000,1.001105,1.004568
0.610000,0.999901,1.000520,1.000733,0.610000,1.001162,1.004638
0.620000,0.999927,1.000727,1.000938,0.620000,1.001215,1.004695
0.630000,0.999955,1.000937,1.001142,0.630000,1.001265,1.004739
0.640000,0.999984,1.001148,1.001344,0.640000,1.001311,1.004769
0.650000,1.000014,1.001359,1.001543,0.650000,1.001354,1.004788
0.660000,1.000046,1.001568,1.001737,0.660000,1.001393,1.004795
0.670000,1.000078,1.001773,1.001923,0.670000,1.001428,1.004792
0.680000,1.000112,1.001974,1.002101,0.680000,1.001459,1.004779
0.690000,1.000146,1.002167,1.002268,0.690000,1.001486,1.004758
0.700000,1.000181,1.002353,1.002424,0.700000,1.001508,1.004728
0.710000,1.000216,1.002529,1.002567,0.710000,1.001526,1.004691
0.720000,1.000252,1.002694,1.002695,0.720000,1.001540,1.004648
0.730000,1.000288,1.002847,1.002808,0.730000,1.001549,1.004599
0.740000,1.000325,1.002986,1.002904,0.740000,1.001555,1.004545
0.750000,1.000361,1.003111,1.002984,0.750000,1.001556,1.004486
0.760000,1.000397,1.003221,1.003049,0.760000,1.001554,1.004422
0.770000,1.000433,1.003313,1.003101,0.770000,1.001547,1.004354
0.780000,1.000469,1.003388,1.003142,0.780000,1.001537,1.004281
0.790000,1.000504,1.003448,1.003173,0.790000,1.001522,1.004203
0.800000,1.000538,1.003494,1.003194,0.800000,1.001504,1.004121
0.810000,1.000572,1.003528,1.003205,0.810000,1.001483,1.004036
0.820000,1.000604,1.003551,1.003207,0.820000,1.001458,1.003947
0.830000,1.000635,1.003563,1.003198,0.830000,1.001431,1.003855
0.840000,1.000664,1.003563,1.003178,0.840000,1.001400,1.003760
0.850000,1.000692,1.003552,1.003149,0.850000,1.001368,1.003663
0.860000,1.000719,1.003531,1.003109,0.860000,1.001333,1.003565
0.870000,1.000743,1.003498,1.003058,0.870000,1.001296,1.003465
0.880000,1.000766,1.003454,1.002998,0.880000,1.001259,1.003363
0.890000,1.000787,1.003399,1.002927,0.890000,1.001219,1.003261
0.900000,1.000807,1.003334,1.002847,0.900000,1.001179,1.003158
0.910000,1.000824,1.003257,1.002756,0.910000,1.001138,1.003054
0.920000,1.000839,1.003171,1.002657,0.920000,1.001097,1.002950
0.930000,1.000852,1.003074,1.002548,0.930000,1.001056,1.002845
0.940000,1.000863,1.002968,1.002431,0.940000,1.001015,1.002740
0.950000,1.000872,1.002852,1.002305,0.950000,1.000973,1.002636
0.960000,1.000879,1.002727,1.002172,0.960000,1.000933,1.002531
0.970000,1.000884,1.002593,1.002032,0.970000,1.000892,1.002427
0.980000,1.000887,1.002452,1.001885,0.980000,1.000853,1.002323
0.990000,1.000887,1.002302,1.001732,0.990000,1.000814,1.002219
1.000000,1.000886,1.002146,1.001574,1.000000,1.000776,1.002115
1.010000,1.000882,1.001983,1.001411,1.010000,1.000739,1.002012
1.020000,1.000877,1.001815,1.001245,1.020000,1.000703,1.001909
1.030000,1.000869,1.001641,1.001075,1.030000,1.000668,1.001806
1.040000,1.000860,1.001462,1.000903,1.040000,1.000633,1.001704
1.050000,1.000849,1.001280,1.000729,1.050000,1.000600,1.001602
1.060000,1.000836,1.001095,1.000554,1.060000,1.000567,1.001501
1.070000,1.000821,1.000908,1.000379,1.070000,1.000536,1.001400
1.080000,1.000804,1.000719,1.000204,1.080000,1.000505,1.001299
1.090000,1.000786,1.000529,1.000030,1.090000,1.000474,1.001199
1.100000,1.000767,1.000339,0.999859,1.100000,1.000445,1.001099
1.110000,1.000745,1.000150,0.999690,1.110000,1.000416,1.001000
1.120000,1.000723,0.999962,0.999524,1.120000,1.000387,1.000901
1.130000,1.000699,0.999776,0.999362,1.130000,1.000359,1.000803
1.140000,1.000674,0.999594,0.999204,1.140000,1.000331,1.000705
1.150000,1.000647,0.999415,0.999052,1.150000,1.000303,1.000608
1.160000,1.000620,0.999240,0.998905,1.160000,1.000276,1.000512
1.170000,1.000591,0.999070,0.998764,1.170000,1.000248,1.000416
1.180000,1.000561,0.998906,0.998629,1.180000,1.000221,1.000321
1.190000,1.000531,0.998749,0.998502,1.190000,1.000194,1.000228
1.200000,1.000500,0.998598,0.998381,1.200000,1.000166,1.000134
1.210000,1.000468,0.998455,0.998269,1.210000,1.000139,1.000043
1.220000,1.000435,0.998319,0.998164,1.220000,1.000112,0.999952
1.230000,1.000402,0.998192,0.998067,1.230000,1.000084,0.999862
1.240000,1.000368,0.998074,0.997977,1.240000,1.000057,0.999774
1.250000,1.000334,0.997965,0.997894,1.250000,1.000029,0.999689
1.260000,1.000299,0.997866,0.997816,1.260000,1.000002,0.999605
1.270000,1.000264,0.997777,0.997743,1.270000,0.999975,0.999524
1.280000,1.000229,0.997695,0.997674,1.280000,0.999949,0.999446
1.290000,1.000194,0.997621,0.997609,1.290000,0.999922,0.999371
1.300000,1.000159,0.997553,0.997548,1.300000,0.999897,0.999299
1.310000,1.000124,0.997491,0.997492,1.310000,0.999872,0.999230
1.320000,1.000089,0.997435,0.997440,1.320000,0.999848,0.999165
1.330000,1.000054,0.997384,0.997393,1.330000,0.999824,0.999103
1.340000,1.000020,0.997338,0.997350,1.340000,0.999802,0.999045
1.350000,0.999985,0.997297,0.997312,1.350000,0.999780,0.998989
1.360000,0.999951,0.997261,0.997277,1.360000,0.999759,0.998937
1.370000,0.999918,0.997230,0.997248,1.370000,0.999739,0.998889
1.380000,0.999885,0.997203,0.997222,1.380000,0.999720,0.998843
1.390000,0.999852,0.997181,0.997201,1.390000,0.999702,0.998801
1.400000,0.999820,0.997164,0.997184,1.400000,0.999686,0.998763
1.410000,0.999789,0.997150,0.997172,1.410000,0.999670,0.998727
1.420000,0.999759,0.997141,0.997163,1.420000,0.999656,0.998695
1.430000,0.999729,0.997137,0.997159,1.430000,0.999643,0.998667
1.440000,0.999699,0.997136,0.997159,1.440000,0.999631,0.998641
1.450000,0.999671,0.997139,0.997163,1.450000,0.999620,0.998619
1.460000,0.999643,0.997146,0.997171,1.460000,0.999611,0.998601
1.470000,0.999617,0.997158,0.997183,1.470000,0.999603,0.998585
1.480000,0.999591,0.997172,0.997199,1.480000,0.999596,0.998573
1.490000,0.999566,0.997191,0.997218,1.490000,0.999590,0.998564
1.500000,0.999542,0.997213,0.997241,1.500000,0.999586,0.998558
1.510000,0.999519,0.997238,0.997266,1.510000,0.999584,0.998556
1.520000,0.999497,0.997267,0.997296,1.520000,0.999582,0.998557
1.530000,0.999476,0.997300,0.997328,1.530000,0.999582,0.998561
1.540000,0.999456,0.997336,0.997363,1.540000,0.999584,0.998568
1.550000,0.999437,0.997377,0.997400,1.550000,0.999587,0.998578
1.560000,0.999419,0.997421,0.997441,1.560000,0.999591,0.998591
1.570000,0.999402,0.997469,0.997483,1.570000,0.999597,0.998607
1.580000,0.999387,0.997522,0.997528,1.580000,0.999604,0.998626
1.590000,0.999373,0.997578,0.997574,1.590000,0.999612,0.998648
1.600000,0.999360,0.997639,0.997622,1.600000,0.999621,0.998673
1.610000,0.999348,0.997704,0.997673,1.610000,0.999631,0.998700
1.620000,0.999338,0.997772,0.997725,1.620000,0.999642,0.998730
1.630000,0.999328,0.997845,0.997779,1.630000,0.999654,0.998762
1.640000,0.999320,0.997921,0.997836,1.640000,0.999668,0.998796
1.650000,0.999314,0.998001,0.997895,1.650000,0.999682,0.998832
1.660000,0.999308,0.998085,0.997956,1.660000,0.999696,0.998871
1.670000,0.999304,0.998172,0.998019,1.670000,0.999712,0.998911
1.680000,0.999302,0.998262,0.998084,1.680000,0.999728,0.998953
1.690000,0.999300,0.998355,0.998152,1.690000,0.999745,0.998996
1.700000,0.999300,0.998450,0.998222,1.700000,0.999762,0.999041
1.710000,0.999301,0.998548,0.998294,1.710000,0.999780,0.999087
1.720000,0.999304,0.998648,0.998368,1.720000,0.999798,0.999135
1.730000,0.999308,0.998750,0.998444,1.730000,0.999817,0.999183
1.740000,0.999313,0.998853,0.998522,1.740000,0.999836,0.999232
1.750000,0.999319,0.998958,0.998601,1.750000,0.999856,0.999282
1.760000,0.999327,0.999063,0.998682,1.760000,0.999876,0.999333
1.770000,0.999335,0.999169,0.998764,1.770000,0.999896,0.999385
1.780000,0.999346,0.999275,0.998848,1.780000,0.999916,0.999437
1.790000,0.999357,0.999381,0.998932,1.790000,0.999937,0.999489
1.800000,0.999369,0.999486,0.999017,1.800000,0.999957,0.999542
1.810000,0.999383,0.999591,0.999103,1.810000,0.999978,0.999595
1.820000,0.999398,0.999695,0.999189,1.820000,0.999999,0.999648
1.830000,0.999414,0.999797,0.999274,1.830000,1.000020,0.999701
1.840000,0.999430,0.999897,0.999360,1.840000,1.000041,0.999755
1.850000,0.999448,0.999996,0.999445,1.850000,1.000062,0.999807
1.860000,0.999467,1.000093,0.999530,1.860000,1.000083,0.999860
1.870000,0.999487,1.000187,0.999613,1.870000,1.000104,0.999912
1.880000,0.999508,1.000279,0.999696,1.880000,1.000125,0.999964
1.890000,0.999530,1.000368,0.999777,1.890000,1.000147,1.000016
1.900000,0.999552,1.000454,0.999857,1.900000,1.000168,1.000066
1.910000,0.999576,1.000537,0.999934,1.910000,1.000189,1.000117
1.920000,0.999600,1.000616,1.000010,1.920000,1.000210,1.000166
1.930000,0.999624,1.000693,1.000084,1.930000,1.000230,1.000214
1.940000,0.999650,1.000766,1.000156,1.940000,1.000251,1.000262
1.950000,0.999676,1.000837,1.000225,1.950000,1.000272,1.000309
1.960000,0.999702,1.000905,1.000292,1.960000,1.000293,1.000354
1.970000,0.999729,1.000971,1.000357,1.970000,1.000313,1.000398
1.980000,0.999757,1.001035,1.000419,1.980000,1.000333,1.000441
1.990000,0.999784,1.001097,1.000480,1.990000,1.000353,1.000482
2.000000,0.999813,1.001158,1.000539,2.000000,1.000373,1.000521
2.010000,0.999841,1.001216,1.000597,2.010000,1.000392,1.000559
2.020000,0.999869,1.001273,1.000653,2.020000,1.000411,1.000595
2.030000,0.999898,1.001327,1.000707,2.030000,1.000429,1.000630
2.040000,0.999927,1.001380,1.000760,2.040000,1.000448,1.000662
2.050000,0.999955,1.001431,1.000811,2.050000,1.000465,1.000693
2.060000,0.999984,1.001480,1.000861,2.060000,1.000482,1.000721
2.070000,1.000012,1.001527,1.000909,2.070000,1.000499,1.000748
2.080000,1.000041,1.001571,1.000955,2.080000,1.000514,1.000773
2.090000,1.000069,1.001614,1.000999,2.090000,1.000530,1.000797
2.100000,1.000096,1.001654,1.001041,2.100000,1.000544,1.000818
2.110000,1.000124,1.001691,1.001080,2.110000,1.000558,1.000838
2.120000,1.000151,1.001727,1.001118,2.120000,1.000571,1.000856
2.130000,1.000177,1.001760,1.001153,2.130000,1.000584,1.000872
2.140000,1.000203,1.001790,1.001186,2.140000,1.000595,1.000887
2.150000,1.000229,1.001818,1.001217,2.150000,1.000606,1.000899
2.160000,1.000254,1.001843,1.001245,2.160000,1.000616,1.000911
2.170000,1.000278,1.001866,1.001271,2.170000,1.000625,1.000920
2.180000,1.000301,1.001886,1.001295,2.180000,1.000633,1.000928
2.190000,1.000324,1.001904,1.001316,2.190000,1.000641,1.000935
2.200000,1.000346,1.001920,1.001335,2.200000,1.000647,1.000940
2.210000,1.000367,1.001933,1.001351,2.210000,1.000652,1.000943
2.220000,1.000387,1.001944,1.001365,2.220000,1.000656,1.000945
2.230000,1.000406,1.001952,1.001377,2.230000,1.000660,1.000945
2.240000,1.000424,1.001958,1.001387,2.240000,1.000662,1.000944
2.250000,1.000442,1.001961,1.001394,2.250000,1.000663,1.000942
2.260000,1.000458,1.001962,1.001399,2.260000,1.000664,1.000938
2.270000,1.000473,1.001961,1.001402,2.270000,1.000663,1.000933
2.280000,1.000487,1.001958,1.001402,2.280000,1.000661,1.000927
2.290000,1.000500,1.001952,1.001401,2.290000,1.000659,1.000919
2.300000,1.000512,1.001945,1.001397,2.300000,1.000655,1.000910
2.310000,1.000522,1.001935,1.001391,2.310000,1.000650,1.000900
2.320000,1.000531,1.001923,1.001383,2.320000,1.000645,1.000889
2.330000,1.000539,1.001908,1.001373,2.330000,1.000638,1.000877
2.340000,1.000546,1.001892,1.001361,2.340000,1.000631,1.000863
2.350000,1.000551,1.001874,1.001348,2.350000,1.000623,1.000849
2.360000,1.000556,1.001854,1.001332,2.360000,1.000613,1.000833
2.370000,1.000559,1.001832,1.001314,2.370000,1.000603,1.000817
2.380000,1.000560,1.001808,1.001295,2.380000,1.000593,1.000799
2.390000,1.000561,1.001783,1.001274,2.390000,1.000581,1.000781
2.400000,1.000560,1.001755,1.001251,2.400000,1.000569,1.000762
2.410000,1.000559,1.001726,1.001227,2.410000,1.000555,1.000742
2.420000,1.000556,1.001695,1.001201,2.420000,1.000542,1.000721
2.430000,1.000552,1.001663,1.001173,2.430000,1.000527,1.000699
2.440000,1.000547,1.001629,1.001144,2.440000,1.000512,1.000677
2.450000,1.000542,1.001594,1.001114,2.450000,1.000497,1.000653
2.460000,1.000535,1.001558,1.001082,2.460000,1.000481,1.000629
2.470000,1.000527,1.001520,1.001049,2.470000,1.000464,1.000605
2.480000,1.000518,1.001480,1.001015,2.480000,1.000447,1.000580
2.490000,1.000508,1.001440,1.000979,2.490000,1.000430,1.000554
2.500000,1.000498,1.001399,1.000943,2.500000,1.000412,1.000528
2.510000,1.000487,1.001356,1.000906,2.510000,1.000394,1.000501
2.520000,1.000475,1.001313,1.000867,2.520000,1.000375,1.000474
2.530000,1.000462,1.001268,1.000828,2.530000,1.000357,1.000447
2.540000,1.000448,1.001223,1.000788,2.540000,1.000338,1.000419
2.550000,1.000434,1.001177,1.000747,2.550000,1.000319,1.000390
2.560000,1.000419,1.001130,1.000706,2.560000,1.000300,1.000362
2.570000,1.000404,1.001083,1.000664,2.570000,1.000281,1.000333
2.580000,1.000388,1.001035,1.000621,2.580000,1.000262,1.000304
2.590000,1.000372,1.000986,1.000578,2.590000,1.000243,1.000274
2.600000,1.000355,1.000938,1.000535,2.600000,1.000224,1.000245
2.610000,1.000338,1.000888,1.000491,2.610000,1.000205,1.000215
2.620000,1.000320,1.000839,1.000447,2.620000,1.000186,1.000186
2.630000,1.000302,1.000789,1.000403,2.630000,1.000168,1.000156
2.640000,1.000284,1.000739,1.000359,2.640000,1.000150,1.000126
2.650000,1.000265,1.000689,1.000315,2.650000,1.000131,1.000097
2.660000,1.000247,1.000639,1.000270,2.660000,1.000114,1.000067
2.670000,1.000228,1.000589,1.000226,2.670000,1.000096,1.000038
2.680000,1.000209,1.000540,1.000182,2.680000,1.000079,1.000009
2.690000,1.000190,1.000490,1.000138,2.690000,1.000062,0.999980
2.700000,1.000170,1.000441,1.000095,2.700000,1.000046,0.999951
2.710000,1.000151,1.000392,1.000051,2.710000,1.000030,0.999922
2.720000,1.000132,1.000343,1.000009,2.720000,1.000015,0.999894
2.730000,1.000112,1.000295,0.999966,2.730000,1.000000,0.999867
2.740000,1.000093,1.000247,0.999924,2.740000,0.999985,0.999839
2.750000,1.000074,1.000200,0.999883,2.750000,0.999971,0.999813
2.760000,1.000055,1.000153,0.999842,2.760000,0.999958,0.999786
2.770000,1.000036,1.000107,0.999802,2.770000,0.999945,0.999761
2.780000,1.000018,1.000062,0.999763,2.780000,0.999932,0.999735
2.790000,1.000000,1.000018,0.999724,2.790000,0.999920,0.999711
2.800000,0.999981,0.999975,0.999687,2.800000,0.999909,0.999687
2.810000,0.999964,0.999932,0.999650,2.810000,0.999898,0.999664
2.820000,0.999946,0.999890,0.999614,2.820000,0.999888,0.999641
2.830000,0.999929,0.999850,0.999579,2.830000,0.999878,0.999620
2.840000,0.999912,0.999810,0.999545,2.840000,0.999869,0.999599
2.850000,0.999895,0.999772,0.999513,2.850000,0.999861,0.999578
2.860000,0.999879,0.999734,0.999481,2.860000,0.999853,0.999559
2.870000,0.999864,0.999698,0.999450,2.870000,0.999845,0.999541
2.880000,0.999848,0.999663,0.999421,2.880000,0.999838,0.999523
2.890000,0.999833,0.999630,0.999393,2.890000,0.999832,0.999507
2.900000,0.999819,0.999597,0.999366,2.900000,0.999826,0.999491
2.910000,0.999805,0.999566,0.999340,2.910000,0.999821,0.999476
2.920000,0.999791,0.999537,0.999316,2.920000,0.999816,0.999463
2.930000,0.999778,0.999509,0.999293,2.930000,0.999812,0.999450
2.940000,0.999766,0.999482,0.999271,2.940000,0.999808,0.999438
2.950000,0.999754,0.999456,0.999251,2.950000,0.999805,0.999427
2.960000,0.999742,0.999432,0.999232,2.960000,0.999803,0.999418
2.970000,0.999732,0.999410,0.999215,2.970000,0.999800,0.999409
2.980000,0.999721,0.999389,0.999199,2.980000,0.999799,0.999402
2.990000,0.999711,0.999370,0.999185,2.990000,0.999797,0.999395
3.000000,0.999702,0.999352,0.999173,3.000000,0.999797,0.999390
3.010000,0.999693,0.999336,0.999162,3.010000,0.999796,0.999386
3.020000,0.999685,0.999322,0.999152,3.020000,0.999796,0.999383
3.030000,0.999678,0.999310,0.999144,3.030000,0.999797,0.999381
3.040000,0.999671,0.999299,0.999138,3.040000,0.999798,0.999380
3.050000,0.999665,0.999290,0.999133,3.050000,0.999799,0.999380
3.060000,0.999659,0.999283,0.999130,3.060000,0.999801,0.999381
3.070000,0.999654,0.999278,0.999127,3.070000,0.999803,0.999384
3.080000,0.999649,0.999274,0.999127,3.080000,0.999806,0.999387
3.090000,0.999646,0.999271,0.999127,3.090000,0.999809,0.999392
3.100000,0.999642,0.999270,0.999129,3.100000,0.999812,0.999397
3.110000,0.999640,0.999271,0.999133,3.110000,0.999816,0.999404
3.120000,0.999638,0.999272,0.999138,3.120000,0.999820,0.999411
3.130000,0.999636,0.999276,0.999144,3.130000,0.999824,0.999420
3.140000,0.999636,0.999281,0.999151,3.140000,0.999829,0.999429
3.150000,0.999636,0.999287,0.999160,3.150000,0.999834,0.999439
3.160000,0.999636,0.999295,0.999170,3.160000,0.999840,0.999451
3.170000,0.999637,0.999304,0.999181,3.170000,0.999845,0.999463
3.180000,0.999639,0.999314,0.999194,3.180000,0.999851,0.999476
3.190000,0.999641,0.999326,0.999208,3.190000,0.999857,0.999489
3.200000,0.999644,0.999339,0.999223,3.200000,0.999864,0.999504
3.210000,0.999647,0.999354,0.999239,3.210000,0.999870,0.999519
3.220000,0.999651,0.999369,0.999256,3.220000,0.999877,0.999534
3.230000,0.999656,0.999386,0.999275,3.230000,0.999884,0.999551
3.240000,0.999661,0.999405,0.999294,3.240000,0.999892,0.999568
3.250000,0.999667,0.999424,0.999315,3.250000,0.999899,0.999585
3.260000,0.999673,0.999444,0.999336,3.260000,0.999907,0.999604
3.270000,0.999680,0.999466,0.999359,3.270000,0.999914,0.999622
3.280000,0.999687,0.999489,0.999382,3.280000,0.999922,0.999641
3.290000,0.999694,0.999512,0.999406,3.290000,0.999930,0.999661
3.300000,0.999702,0.999537,0.999431,3.300000,0.999939,0.999680
3.310000,0.999711,0.999562,0.999457,3.310000,0.999947,0.999700
3.320000,0.999720,0.999588,0.999483,3.320000,0.999955,0.999721
3.330000,0.999729,0.999615,0.999510,3.330000,0.999964,0.999742
3.340000,0.999739,0.999643,0.999538,3.340000,0.999973,0.999762
3.350000,0.999749,0.999671,0.999566,3.350000,0.999982,0.999783
3.360000,0.999759,0.999700,0.999594,3.360000,0.999991,0.999804
3.370000,0.999770,0.999730,0.999623,3.370000,1.000000,0.999826
3.380000,0.999781,0.999760,0.999653,3.380000,1.000009,0.999847
3.390000,0.999792,0.999790,0.999682,3.390000,1.000018,0.999868
3.400000,0.999803,0.999821,0.999712,3.400000,1.000027,0.999889
3.410000,0.999815,0.999852,0.999743,3.410000,1.000037,0.999911
3.420000,0.999827,0.999884,0.999773,3.420000,1.000046,0.999932
3.430000,0.999839,0.999916,0.999804,3.430000,1.000056,0.999953
3.440000,0.999852,0.999948,0.999835,3.440000,1.000065,0.999973
3.450000,0.999864,0.999980,0.999865,3.450000,1.000075,0.999994
3.460000,0.999877,1.000012,0.999896,3.460000,1.000084,1.000014
3.470000,0.999889,1.000044,0.999927,3.470000,1.000094,1.000034
3.480000,0.999902,1.000076,0.999957,3.480000,1.000103,1.000054
3.490000,0.999915,1.000108,0.999988,3.490000,1.000112,1.000073
3.500000,0.999928,1.000140,1.000018,3.500000,1.000122,1.000092
3.510000,0.999941,1.000171,1.000048,3.510000,1.000131,1.000111
3.520000,0.999954,1.000203,1.000077,3.520000,1.000140,1.000129
3.530000,0.999967,1.000234,1.000107,3.530000,1.000149,1.000146
3.540000,0.999979,1.000265,1.000136,3.540000,1.000158,1.000164
3.550000,0.999992,1.000295,1.000164,3.550000,1.000167,1.000180
3.560000,1.000005,1.000325,1.000192,3.560000,1.000175,1.000197
3.570000,1.000017,1.000355,1.000220,3.570000,1.000183,1.000212
3.580000,1.000029,1.000384,1.000247,3.580000,1.000192,1.000228
3.590000,1.000042,1.000412,1.000273,3.590000,1.000199,1.000242
3.600000,1.000054,1.000440,1.000299,3.600000,1.000207,1.000256
3.610000,1.000065,1.000467,1.000325,3.610000,1.000214,1.000270
3.620000,1.000077,1.000494,1.000349,3.620000,1.000221,1.000283
3.630000,1.000088,1.000520,1.000373,3.630000,1.000228,1.000295
3.640000,1.000099,1.000545,1.000397,3.640000,1.000234,1.000307
3.650000,1.000110,1.000570,1.000419,3.650000,1.000241,1.000318
3.660000,1.000121,1.000593,1.000441,3.660000,1.000246,1.000328
3.670000,1.000131,1.000616,1.000462,3.670000,1.000252,1.000338
3.680000,1.000141,1.000638,1.000482,3.680000,1.000257,1.000347
3.690000,1.000150,1.000659,1.000501,3.690000,1.000261,1.000355
3.700000,1.000159,1.000679,1.000519,3.700000,1.000265,1.000363
3.710000,1.000168,1.000698,1.000536,3.710000,1.000269,1.000370
3.720000,1.000176,1.000716,1.000553,3.720000,1.000273,1.000377
3.730000,1.000185,1.000733,1.000568,3.730000,1.000276,1.000383
3.740000,1.000192,1.000749,1.000583,3.740000,1.000278,1.000388
3.750000,1.000199,1.000764,1.000596,3.750000,1.000280,1.000392
3.760000,1.000206,1.000778,1.000609,3.760000,1.000282,1.000396
3.770000,1.000213,1.000791,1.000621,3.770000,1.000283,1.000399
3.780000,1.000219,1.000803,1.000631,3.780000,1.000284,1.000402
3.790000,1.000224,1.000814,1.000641,3.790000,1.000284,1.000404
3.800000,1.000229,1.000824,1.000649,3.800000,1.000284,1.000405
3.810000,1.000234,1.000832,1.000657,3.810000,1.000284,1.000405
3.820000,1.000238,1.000840,1.000664,3.820000,1.000283,1.000405
3.830000,1.000241,1.000846,1.000669,3.830000,1.000281,1.000405
3.840000,1.000244,1.000852,1.000674,3.840000,1.000279,1.000403
3.850000,1.000247,1.000856,1.000677,3.850000,1.000277,1.000401
3.860000,1.000249,1.000859,1.000680,3.860000,1.000275,1.000398
3.870000,1.000250,1.000861,1.000682,3.870000,1.000272,1.000395
3.880000,1.000251,1.000862,1.000682,3.880000,1.000268,1.000391
3.890000,1.000252,1.000862,1.000682,3.890000,1.000264,1.000387
3.900000,1.000252,1.000861,1.000681,3.900000,1.000260,1.000382
3.910000,1.000251,1.000859,1.000679,3.910000,1.000256,1.000376
3.920000,1.000250,1.000856,1.000676,3.920000,1.000251,1.000370
3.930000,1.000249,1.000852,1.000672,3.930000,1.000246,1.000364
3.940000,1.000247,1.000847,1.000667,3.940000,1.000240,1.000357
3.950000,1.000245,1.000840,1.000661,3.950000,1.000234,1.000349
3.960000,1.000242,1.000833,1.000654,3.960000,1.000228,1.000341
3.970000,1.000239,1.000825,1.000647,3.970000,1.000222,1.000332
3.980000,1.000236,1.000816,1.000638,3.980000,1.000215,1.000323
3.990000,1.000232,1.000806,1.000629,3.990000,1.000209,1.000314
4.000000,1.000228,1.000795,1.000619,4.000000,1.000202,1.000304
4.010000,1.000223,1.000783,1.000609,4.010000,1.000194,1.000293
4.020000,1.000218,1.000771,1.000597,4.020000,1.000187,1.000282
4.030000,1.000213,1.000757,1.000585,4.030000,1.000179,1.000271
4.040000,1.000208,1.000743,1.000573,4.040000,1.000171,1.000260
4.050000,1.000202,1.000728,1.000559,4.050000,1.000163,1.000248
4.060000,1.000196,1.000712,1.000545,4.060000,1.000155,1.000236
4.070000,1.000189,1.000696,1.000531,4.070000,1.000147,1.000224
4.080000,1.000183,1.000679,1.000515,4.080000,1.000139,1.000211
4.090000,1.000176,1.000661,1.000500,4.090000,1.000130,1.000198
4.100000,1.000169,1.000643,1.000483,4.100000,1.000122,1.000185
4.110000,1.000162,1.000624,1.000467,4.110000,1.000114,1.000172
4.120000,1.000154,1.000605,1.000450,4.120000,1.000105,1.000158
4.130000,1.000147,1.000585,1.000432,4.130000,1.000097,1.000145
4.140000,1.000139,1.000564,1.000414,4.140000,1.000088,1.000131
4.150000,1.000131,1.000543,1.000396,4.150000,1.000080,1.000117
4.160000,1.000123,1.000522,1.000378,4.160000,1.000072,1.000103
4.170000,1.000115,1.000500,1.000359,4.170000,1.000063,1.000089
4.180000,1.000107,1.000478,1.000340,4.180000,1.000055,1.000075
4.190000,1.000099,1.000456,1.000320,4.190000,1.000047,1.000061
4.200000,1.000090,1.000434,1.000301,4.200000,1.000039,1.000047
4.210000,1.000082,1.000411,1.000281,4.210000,1.000031,1.000033
4.220000,1.000074,1.000388,1.000262,4.220000,1.000024,1.000019
4.230000,1.000065,1.000365,1.000242,4.230000,1.000016,1.000005
4.240000,1.000057,1.000342,1.000222,4.240000,1.000009,0.999992
4.250000,1.000049,1.000318,1.000202,4.250000,1.000001,0.999978
4.260000,1.000040,1.000295,1.000183,4.260000,0.999994,0.999965
4.270000,1.000032,1.000272,1.000163,4.270000,0.999988,0.999951
4.280000,1.000024,1.000248,1.000143,4.280000,0.999981,0.999938
4.290000,1.000015,1.000225,1.000124,4.290000,0.999974,0.999925
4.300000,1.000007,1.000202,1.000104,4.300000,0.999968,0.999913
4.310000,0.999999,1.000179,1.000085,4.310000,0.999962,0.999900
4.320000,0.999991,1.000156,1.000066,4.320000,0.999956,0.999888
4.330000,0.999984,1.000133,1.000048,4.330000,0.999951,0.999876
4.340000,0.999976,1.000111,1.000029,4.340000,0.999946,0.999864
4.350000,0.999968,1.000089,1.000011,4.350000,0.999940,0.999853
4.360000,0.999961,1.000067,0.999993,4.360000,0.999936,0.999842
4.370000,0.999954,1.000045,0.999976,4.370000,0.999931,0.999832
4.380000,0.999946,1.000024,0.999959,4.380000,0.999927,0.999822
4.390000,0.999939,1.000003,0.999942,4.390000,0.999923,0.999812
4.400000,0.999933,0.999983,0.999926,4.400000,0.999919,0.999802
4.410000,0.999926,0.999963,0.999910,4.410000,0.999915,0.999793
4.420000,0.999920,0.999944,0.999895,4.420000,0.999912,0.999785
4.430000,0.999913,0.999925,0.999880,4.430000,0.999909,0.999777
4.440000,0.999907,0.999906,0.999865,4.440000,0.999906,0.999769
4.450000,0.999901,0.999888,0.999852,4.450000,0.999903,0.999762
4.460000,0.999896,0.999871,0.999839,4.460000,0.999901,0.999755
4.470000,0.999890,0.999854,0.999826,4.470000,0.999899,0.999749
4.480000,0.999885,0.999838,0.999814,4.480000,0.999897,0.999743
4.490000,0.999880,0.999823,0.999802,4.490000,0.999895,0.999738
4.500000,0.999876,0.999808,0.999792,4.500000,0.999894,0.999733
4.510000,0.999871,0.999794,0.999781,4.510000,0.999893,0.999729
4.520000,0.999867,0.999780,0.999772,4.520000,0.999892,0.999725
4.530000,0.999863,0.999768,0.999763,4.530000,0.999891,0.999722
4.540000,0.999859,0.999756,0.999755,4.540000,0.999891,0.999719
4.550000,0.999856,0.999744,0.999747,4.550000,0.999891,0.999717
4.560000,0.999852,0.999734,0.999741,4.560000,0.999890,0.999715
4.570000,0.999849,0.999724,0.999734,4.570000,0.999891,0.999714
4.580000,0.999847,0.999715,0.999729,4.580000,0.999891,0.999713
4.590000,0.999844,0.999706,0.999724,4.590000,0.999892,0.999713
4.600000,0.999842,0.999699,0.999720,4.600000,0.999892,0.999713
4.610000,0.999840,0.999692,0.999717,4.610000,0.999893,0.999714
4.620000,0.999839,0.999686,0.999714,4.620000,0.999894,0.999715
4.630000,0.999837,0.999681,0.999712,4.630000,0.999896,0.999717
4.640000,0.999836,0.999677,0.999711,4.640000,0.999897,0.999719
4.650000,0.999836,0.999674,0.999710,4.650000,0.999899,0.999721
4.660000,0.999835,0.999671,0.999710,4.660000,0.999901,0.999725
4.670000,0.999835,0.999670,0.999711,4.670000,0.999903,0.999728
4.680000,0.999835,0.999669,0.999713,4.680000,0.999905,0.999732
4.690000,0.999835,0.999668,0.999715,4.690000,0.999907,0.999737
4.700000,0.999836,0.999669,0.999718,4.700000,0.999910,0.999741
4.710000,0.999836,0.999670,0.999721,4.710000,0.999912,0.999747
4.720000,0.999837,0.999672,0.999726,4.720000,0.999915,0.999752
4.730000,0.999839,0.999674,0.999730,4.730000,0.999918,0.999758
4.740000,0.999840,0.999678,0.999736,4.740000,0.999921,0.999765
4.750000,0.999842,0.999682,0.999742,4.750000,0.999924,0.999771
4.760000,0.999844,0.999686,0.999749,4.760000,0.999928,0.999778
4.770000,0.999846,0.999691,0.999756,4.770000,0.999931,0.999786
4.780000,0.999849,0.999697,0.999764,4.780000,0.999935,0.999793
4.790000,0.999852,0.999704,0.999772,4.790000,0.999938,0.999801
4.800000,0.999855,0.999711,0.999781,4.800000,0.999942,0.999810
4.810000,0.999858,0.999718,0.999790,4.810000,0.999946,0.999818
4.820000,0.999861,0.999727,0.999800,4.820000,0.999950,0.999827
4.830000,0.999865,0.999735,0.999810,4.830000,0.999954,0.999836
4.840000,0.999869,0.999745,0.999821,4.840000,0.999958,0.999845
4.850000,0.999873,0.999754,0.999832,4.850000,0.999962,0.999854
4.860000,0.999877,0.999765,0.999843,4.860000,0.999967,0.999864
4.870000,0.999881,0.999775,0.999855,4.870000,0.999971,0.999873
4.880000,0.999886,0.999787,0.999867,4.880000,0.999976,0.999883
4.890000,0.999890,0.999798,0.999879,4.890000,0.999980,0.999893
4.900000,0.999895,0.999810,0.999892,4.900000,0.999985,0.999902
4.910000,0.999900,0.999822,0.999905,4.910000,0.999989,0.999912
4.920000,0.999905,0.999835,0.999918,4.920000,0.999994,0.999922
4.930000,0.999910,0.999848,0.999932,4.930000,0.999999,0.999932
4.940000,0.999915,0.999861,0.999945,4.940000,1.000003,0.999942
4.950000,0.999921,0.999874,0.999959,4.950000,1.000008,0.999952
4.960000,0.999926,0.999888,0.999973,4.960000,1.000013,0.999962
4.970000,0.999931,0.999902,0.999987,4.970000,1.000017,0.999972
4.980000,0.999937,0.999916,1.000001,4.980000,1.000022,0.999982
4.990000,0.999943,0.999930,1.000016,4.990000,1.000027,0.999992
5.000000,0.999948,0.999944,1.000030,5.000000,1.000031,1.000001
5.005000,0.999951,0.999951,1.000037,5.005000,1.000034,1.000006
5.011667,0.999955,0.999961,1.000047,5.011667,1.000037,1.000012
5.021667,0.999961,0.999975,1.000061,5.021667,1.000041,1.000022
5.031667,0.999967,0.999990,1.000075,5.031667,1.000046,1.000031
5.041667,0.999972,1.000004,1.000090,5.041667,1.000050,1.000040
5.051667,0.999978,1.000019,1.000104,5.051667,1.000054,1.000049
5.061667,0.999984,1.000033,1.000118,5.061667,1.000059,1.000058
5.071667,0.999990,1.000047,1.000132,5.071667,1.000063,1.000066
5.081667,0.999995,1.000061,1.000146,5.081667,1.000067,1.000075
5.091667,1.000001,1.000076,1.000160,5.091667,1.000071,1.000083
5.101667,1.000007,1.000089,1.000173,5.101667,1.000075,1.000091
5.111667,1.000012,1.000103,1.000187,5.111667,1.000079,1.000098
5.121667,1.000018,1.000117,1.000200,5.121667,1.000082,1.000106
5.131667,1.000023,1.000130,1.000213,5.131667,1.000086,1.000113
5.141667,1.000028,1.000143,1.000225,5.141667,1.000089,1.000120
5.151667,1.000034,1.000156,1.000237,5.151667,1.000093,1.000126
5.161667,1.000039,1.000169,1.000249,5.161667,1.000096,1.000133
5.171667,1.000044,1.000181,1.000261,5.171667,1.000099,1.000139
5.181667,1.000049,1.000193,1.000273,5.181667,1.000102,1.000145
5.191667,1.000053,1.000205,1.000284,5.191667,1.000104,1.000150
5.201667,1.000058,1.000216,1.000294,5.201667,1.000107,1.000155
5.211667,1.000063,1.000227,1.000304,5.211667,1.000109,1.000160
5.221667,1.000067,1.000238,1.000314,5.221667,1.000111,1.000165
5.231667,1.000071,1.000248,1.000324,5.231667,1.000113,1.000169
5.241667,1.000075,1.000258,1.000333,5.241667,1.000115,1.000173
5.251667,1.000079,1.000267,1.000342,5.251667,1.000117,1.000176
5.261667,1.000083,1.000276,1.000350,5.261667,1.000118,1.000180
5.271667,1.000086,1.000284,1.000358,5.271667,1.000120,1.000183
5.281667,1.000090,1.000292,1.000365,5.281667,1.000121,1.000185
5.291667,1.000093,1.000300,1.000372,5.291667,1.000122,1.000188
5.301667,1.000096,1.000307,1.000378,5.301667,1.000122,1.000189
5.311667,1.000099,1.000313,1.000384,5.311667,1.000123,1.000191
5.321667,1.000101,1.000319,1.000390,5.321667,1.000123,1.000192
5.331667,1.000104,1.000325,1.000395,5.331667,1.000123,1.000193
5.341667,1.000106,1.000330,1.000399,5.341667,1.000123,1.000194
5.351667,1.000108,1.000334,1.000403,5.351667,1.000123,1.000194
5.361667,1.000110,1.000338,1.000407,5.361667,1.000122,1.000194
5.371667,1.000112,1.000342,1.000410,5.371667,1.000122,1.000194
5.381667,1.000113,1.000344,1.000412,5.381667,1.000121,1.000193
5.391667,1.000114,1.000347,1.000414,5.391667,1.000120,1.000192
5.401667,1.000115,1.000349,1.000416,5.401667,1.000119,1.000191
5.411667,1.000116,1.000350,1.000417,5.411667,1.000117,1.000189
5.421667,1.000117,1.000351,1.000417,5.421667,1.000116,1.000187
5.431667,1.000117,1.000351,1.000417,5.431667,1.000114,1.000185
5.441667,1.000117,1.000350,1.000417,5.441667,1.000112,1.000183
5.451667,1.000117,1.000350,1.000416,5.451667,1.000110,1.000180
5.461667,1.000116,1.000348,1.000415,5.461667,1.000108,1.000177
5.471667,1.000116,1.000346,1.000413,5.471667,1.000106,1.000174
5.481667,1.000115,1.000344,1.000411,5.481667,1.000104,1.000170
5.491667,1.000114,1.000341,1.000408,5.491667,1.000101,1.000167
5.501667,1.000113,1.000338,1.000405,5.501667,1.000099,1.000163
5.511667,1.000112,1.000334,1.000402,5.511667,1.000096,1.000158
5.521667,1.000110,1.000330,1.000398,5.521667,1.000093,1.000154
5.531667,1.000108,1.000325,1.000394,5.531667,1.000090,1.000149
5.541667,1.000106,1.000320,1.000389,5.541667,1.000087,1.000144
5.551667,1.000104,1.000314,1.000384,5.551667,1.000084,1.000139
5.561667,1.000102,1.000308,1.000379,5.561667,1.000080,1.000134
5.571667,1.000100,1.000301,1.000373,5.571667,1.000077,1.000129
5.581667,1.000097,1.000294,1.000367,5.581667,1.000073,1.000123
5.591667,1.000094,1.000287,1.000360,5.591667,1.000070,1.000117
5.601667,1.000092,1.000279,1.000353,5.601667,1.000066,1.000111
5.611667,1.000089,1.000271,1.000346,5.611667,1.000063,1.000105
5.621667,1.000086,1.000263,1.000339,5.621667,1.000059,1.000099
5.631667,1.000083,1.000254,1.000331,5.631667,1.000055,1.000093
5.641667,1.000079,1.000245,1.000324,5.641667,1.000052,1.000087
5.651667,1.000076,1.000236,1.000315,5.651667,1.000048,1.000080
5.661667,1.000072,1.000226,1.000307,5.661667,1.000044,1.000074
5.671667,1.000069,1.000216,1.000298,5.671667,1.000040,1.000067
5.681667,1.000065,1.000206,1.000290,5.681667,1.000036,1.000060
5.691667,1.000062,1.000196,1.000281,5.691667,1.000033,1.000054
5.701667,1.000058,1.000185,1.000272,5.701667,1.000029,1.000047
5.711667,1.000054,1.000174,1.000262,5.711667,1.000025,1.000040
5.721667,1.000050,1.000163,1.000253,5.721667,1.000021,1.000034
5.731667,1.000046,1.000152,1.000244,5.731667,1.000017,1.000027
5.741667,1.000043,1.000141,1.000234,5.741667,1.000014,1.000020
5.751667,1.000039,1.000129,1.000224,5.751667,1.000010,1.000013
5.761667,1.000035,1.000118,1.000215,5.761667,1.000006,1.000007
5.771667,1.000031,1.000106,1.000205,5.771667,1.000003,1.000000
5.781667,1.000027,1.000095,1.000195,5.781667,0.999999,0.999993
5.791667,1.000023,1.000083,1.000185,5.791667,0.999996,0.999987
5.801667,1.000019,1.000071,1.000176,5.801667,0.999992,0.999981
5.811667,1.000015,1.000059,1.000166,5.811667,0.999989,0.999974
5.821667,1.000011,1.000048,1.000156,5.821667,0.999986,0.999968
5.831667,1.000007,1.000036,1.000146,5.831667,0.999983,0.999962
5.841667,1.000003,1.000024,1.000137,5.841667,0.999980,0.999956
5.851667,0.999999,1.000013,1.000127,5.851667,0.999977,0.999950
5.861667,0.999996,1.000001,1.000118,5.861667,0.999974,0.999944
5.871667,0.999992,0.999990,1.000108,5.871667,0.999971,0.999938
5.881667,0.999988,0.999978,1.000099,5.881667,0.999968,0.999933
5.891667,0.999985,0.999967,1.000090,5.891667,0.999966,0.999928
5.901667,0.999981,0.999956,1.000081,5.901667,0.999963,0.999923
5.911667,0.999977,0.999945,1.000073,5.911667,0.999961,0.999918
5.921667,0.999974,0.999935,1.000064,5.921667,0.999959,0.999913
5.931667,0.999971,0.999924,1.000056,5.931667,0.999957,0.999908
5.941667,0.999967,0.999914,1.000048,5.941667,0.999955,0.999904
5.951667,0.999964,0.999904,1.000040,5.951667,0.999953,0.999900
5.961667,0.999961,0.999894,1.000032,5.961667,0.999951,0.999896
5.971667,0.999958,0.999884,1.000025,5.971667,0.999950,0.999892
5.981667,0.999955,0.999875,1.000017,5.981667,0.999948,0.999888
5.991667,0.999952,0.999866,1.000010,5.991667,0.999947,0.999885
6.001667,0.999949,0.999857,1.000004,6.001667,0.999946,0.999882
6.011667,0.999947,0.999848,0.999997,6.011667,0.999945,0.999879
6.021667,0.999944,0.999840,0.999991,6.021667,0.999944,0.999876
6.031667,0.999942,0.999832,0.999985,6.031667,0.999943,0.999874
6.041667,0.999939,0.999825,0.999980,6.041667,0.999942,0.999872
6.051667,0.999937,0.999817,0.999975,6.051667,0.999941,0.999870
6.061667,0.999935,0.999810,0.999970,6.061667,0.999941,0.999868
6.071667,0.999933,0.999804,0.999965,6.071667,0.999940,0.999867
6.081667,0.999931,0.999798,0.999961,6.081667,0.999940,0.999865
6.091667,0.999930,0.999792,0.999957,6.091667,0.999940,0.999864
6.101667,0.999928,0.999787,0.999953,6.101667,0.999940,0.999864
6.111667,0.999927,0.999782,0.999950,6.111667,0.999940,0.999863
6.121667,0.999925,0.999777,0.999947,6.121667,0.999940,0.999863
6.131667,0.999924,0.999773,0.999945,6.131667,0.999940,0.999863
6.141667,0.999923,0.999769,0.999943,6.141667,0.999941,0.999863
6.151667,0.999922,0.999766,0.999941,6.151667,0.999941,0.999863
6.161667,0.999921,0.999763,0.999939,6.161667,0.999942,0.999864
6.171667,0.999921,0.999760,0.999938,6.171667,0.999943,0.999865
6.181667,0.999920,0.999758,0.999937,6.181667,0.999943,0.999866
6.191667,0.999920,0.999756,0.999936,6.191667,0.999944,0.999867
6.201667,0.999919,0.999754,0.999936,6.201667,0.999945,0.999869
6.211667,0.999919,0.999753,0.999936,6.211667,0.999946,0.999871
6.221667,0.999919,0.999752,0.999937,6.221667,0.999947,0.999873
6.231667,0.999920,0.999752,0.999938,6.231667,0.999949,0.999875
6.241667,0.999920,0.999752,0.999939,6.241667,0.999950,0.999877
6.251667,0.999920,0.999752,0.999940,6.251667,0.999951,0.999880
6.261667,0.999921,0.999752,0.999942,6.261667,0.999953,0.999882
6.271667,0.999921,0.999753,0.999944,6.271667,0.999954,0.999885
6.281667,0.999922,0.999754,0.999946,6.281667,0.999956,0.999888
6.291667,0.999923,0.999756,0.999949,6.291667,0.999957,0.999892
6.301667,0.999924,0.999758,0.999952,6.301667,0.999959,0.999895
6.311667,0.999925,0.999760,0.999955,6.311667,0.999961,0.999898
6.321667,0.999927,0.999763,0.999959,6.321667,0.999963,0.999902
6.331667,0.999928,0.999766,0.999962,6.331667,0.999965,0.999906
6.341667,0.999929,0.999769,0.999966,6.341667,0.999967,0.999910
6.351667,0.999931,0.999772,0.999970,6.351667,0.999969,0.999914
6.361667,0.999933,0.999776,0.999975,6.361667,0.999971,0.999918
6.371667,0.999934,0.999780,0.999980,6.371667,0.999973,0.999922
6.381667,0.999936,0.999784,0.999984,6.381667,0.999975,0.999926
6.391667,0.999938,0.999789,0.999990,6.391667,0.999977,0.999931
6.401667,0.999940,0.999794,0.999995,6.401667,0.999979,0.999935
6.411667,0.999942,0.999799,1.000000,6.411667,0.999982,0.999940
6.421667,0.999945,0.999804,1.000006,6.421667,0.999984,0.999944
6.431667,0.999947,0.999809,1.000012,6.431667,0.999986,0.999949
6.441667,0.999949,0.999815,1.000018,6.441667,0.999988,0.999954
6.451667,0.999952,0.999820,1.000024,6.451667,0.999991,0.999958
6.461667,0.999954,0.999826,1.000030,6.461667,0.999993,0.999963
6.471667,0.999957,0.999832,1.000036,6.471667,0.999995,0.999968
6.481667,0.999959,0.999839,1.000043,6.481667,0.999998,0.999973
6.491667,0.999962,0.999845,1.000049,6.491667,1.000000,0.999977
6.501667,0.999965,0.999851,1.000056,6.501667,1.000002,0.999982
6.511667,0.999967,0.999858,1.000063,6.511667,1.000005,0.999987
6.521667,0.999970,0.999865,1.000069,6.521667,1.000007,0.999991
6.531667,0.999973,0.999871,1.000076,6.531667,1.000009,0.999996
6.541667,0.999976,0.999878,1.000083,6.541667,1.000012,1.000001
6.551667,0.999978,0.999885,1.000090,6.551667,1.000014,1.000005
6.561667,0.999981,0.999892,1.000097,6.561667,1.000016,1.000010
6.571667,0.999984,0.999899,1.000103,6.571667,1.000018,1.000014
6.581667,0.999987,0.999906,1.000110,6.581667,1.000021,1.000019
6.591667,0.999990,0.999913,1.000117,6.591667,1.000023,1.000023
6.601667,0.999993,0.999919,1.000124,6.601667,1.000025,1.000027
6.611667,0.999995,0.999926,1.000130,6.611667,1.000027,1.000031
6.621667,0.999998,0.999933,1.000137,6.621667,1.000029,1.000036
6.631667,1.000001,0.999940,1.000144,6.631667,1.000031,1.000039
6.641667,1.000004,0.999947,1.000150,6.641667,1.000033,1.000043
6.651667,1.000007,0.999953,1.000157,6.651667,1.000035,1.000047
6.661667,1.000009,0.999960,1.000163,6.661667,1.000037,1.000051
6.671667,1.000012,0.999966,1.000169,6.671667,1.000038,1.000054
6.681667,1.000014,0.999973,1.000175,6.681667,1.000040,1.000058
6.691667,1.000017,0.999979,1.000181,6.691667,1.000042,1.000061
6.701667,1.000020,0.999985,1.000187,6.701667,1.000043,1.000064
6.711667,1.000022,0.999991,1.000192,6.711667,1.000045,1.000067
6.721667,1.000024,0.999997,1.000198,6.721667,1.000046,1.000070
6.731667,1.000027,1.000003,1.000203,6.731667,1.000047,1.000072
6.741667,1.000029,1.000008,1.000208,6.741667,1.000048,1.000075
6.751667,1.000031,1.000013,1.000213,6.751667,1.000050,1.000077
6.761667,1.000033,1.000019,1.000218,6.761667,1.000051,1.000080
6.771667,1.000035,1.000024,1.000222,6.771667,1.000052,1.000082
6.781667,1.000037,1.000028,1.000227,6.781667,1.000053,1.000084
6.791667,1.000039,1.000033,1.000231,6.791667,1.000053,1.000085
6.801667,1.000041,1.000037,1.000235,6.801667,1.000054,1.000087
6.811667,1.000043,1.000042,1.000239,6.811667,1.000055,1.000089
6.821667,1.000045,1.000045,1.000242,6.821667,1.000055,1.000090
6.831667,1.000046,1.000049,1.000246,6.831667,1.000056,1.000091
6.841667,1.000048,1.000053,1.000249,6.841667,1.000056,1.000092
6.851667,1.000049,1.000056,1.000251,6.851667,1.000056,1.000093
6.861667,1.000050,1.000059,1.000254,6.861667,1.000056,1.000093
6.871667,1.000051,1.000062,1.000256,6.871667,1.000057,1.000094
6.881667,1.000053,1.000065,1.000259,6.881667,1.000057,1.000094
6.891667,1.000054,1.000067,1.000261,6.891667,1.000056,1.000094
6.901667,1.000054,1.000069,1.000262,6.901667,1.000056,1.000094
6.911667,1.000055,1.000071,1.000264,6.911667,1.000056,1.000094
6.921667,1.000056,1.000072,1.000265,6.921667,1.000056,1.000094
6.931667,1.000057,1.000074,1.000266,6.931667,1.000055,1.000094
6.941667,1.000057,1.000075,1.000267,6.941667,1.000055,1.000093
6.951667,1.000057,1.000076,1.000267,6.951667,1.000054,1.000092
6.961667,1.000058,1.000076,1.000267,6.961667,1.000053,1.000091
6.971667,1.000058,1.000076,1.000267,6.971667,1.000053,1.000090
6.981667,1.000058,1.000077,1.000267,6.981667,1.000052,1.000089
6.991667,1.000058,1.000076,1.000267,6.991667,1.000051,1.000088
7.001667,1.000058,1.000076,1.000266,7.001667,1.000050,1.000086
7.011667,1.000058,1.000075,1.000265,7.011667,1.000049,1.000085
7.021667,1.000057,1.000074,1.000264,7.021667,1.000048,1.000083
7.031667,1.000057,1.000073,1.000263,7.031667,1.000047,1.000081
7.041667,1.000056,1.000072,1.000261,7.041667,1.000045,1.000079
7.051667,1.000056,1.000070,1.000259,7.051667,1.000044,1.000077
7.061667,1.000055,1.000068,1.000257,7.061667,1.000043,1.000075
7.071667,1.000054,1.000066,1.000255,7.071667,1.000041,1.000073
7.081667,1.000054,1.000064,1.000253,7.081667,1.000040,1.000071
7.091667,1.000053,1.000061,1.000250,7.091667,1.000038,1.000068
7.101667,1.000052,1.000059,1.000248,7.101667,1.000037,1.000066
7.111667,1.000051,1.000056,1.000245,7.111667,1.000035,1.000063
7.121667,1.000049,1.000053,1.000242,7.121667,1.000034,1.000060
7.131667,1.000048,1.000049,1.000238,7.131667,1.000032,1.000057
7.141667,1.000047,1.000046,1.000235,7.141667,1.000030,1.000055
7.151667,1.000045,1.000042,1.000231,7.151667,1.000029,1.000052
7.161667,1.000044,1.000038,1.000228,7.161667,1.000027,1.000049
7.171667,1.000042,1.000034,1.000224,7.171667,1.000025,1.000046
7.181667,1.000041,1.000030,1.000220,7.181667,1.000023,1.000043
7.191667,1.000039,1.000026,1.000216,7.191667,1.000022,1.000039
7.201667,1.000037,1.000021,1.000212,7.201667,1.000020,1.000036
7.211667,1.000036,1.000017,1.000207,7.211667,1.000018,1.000033
7.221667,1.000034,1.000012,1.000203,7.221667,1.000016,1.000030
7.231667,1.000032,1.000007,1.000198,7.231667,1.000014,1.000027
7.241667,1.000030,1.000002,1.000194,7.241667,1.000013,1.000023
7.251667,1.000028,0.999997,1.000189,7.251667,1.000011,1.000020
7.261667,1.000026,0.999992,1.000184,7.261667,1.000009,1.000017
7.271667,1.000024,0.999987,1.000180,7.271667,1.000007,1.000014
7.281667,1.000023,0.999982,1.000175,7.281667,1.000005,1.000010
7.291667,1.000021,0.999976,1.000170,7.291667,1.000004,1.000007
7.301667,1.000019,0.999971,1.000165,7.301667,1.000002,1.000004
7.311667,1.000016,0.999965,1.000160,7.311667,1.000000,1.000001
7.321667,1.000014,0.999960,1.000155,7.321667,0.999998,0.999997
7.331667,1.000012,0.999955,1.000150,7.331667,0.999997,0.999994
7.341667,1.000010,0.999949,1.000145,7.341667,0.999995,0.999991
7.351667,1.000008,0.999944,1.000140,7.351667,0.999993,0.999988
7.361667,1.000006,0.999938,1.000135,7.361667,0.999992,0.999985
7.371667,1.000004,0.999933,1.000131,7.371667,0.999990,0.999982
7.381667,1.000002,0.999927,1.000126,7.381667,0.999989,0.999979
7.391667,1.000000,0.999922,1.000121,7.391667,0.999987,0.999976
7.401667,0.999998,0.999916,1.000116,7.401667,0.999986,0.999973
7.411667,0.999996,0.999911,1.000111,7.411667,0.999984,0.999971
7.421667,0.999994,0.999906,1.000107,7.421667,0.999983,0.999968
7.431667,0.999992,0.999900,1.000102,7.431667,0.999982,0.999965
7.441667,0.999991,0.999895,1.000097,7.441667,0.999981,0.999963
7.451667,0.999989,0.999890,1.000093,7.451667,0.999979,0.999960
7.461667,0.999987,0.999885,1.000088,7.461667,0.999978,0.999958
7.471667,0.999985,0.999881,1.000084,7.471667,0.999977,0.999956
7.481667,0.999983,0.999876,1.000080,7.481667,0.999976,0.999954
7.491667,0.999982,0.999871,1.000076,7.491667,0.999975,0.999952
7.501667,0.999980,0.999867,1.000072,7.501667,0.999974,0.999950
7.511667,0.999978,0.999862,1.000068,7.511667,0.999973,0.999948
7.521667,0.999977,0.999858,1.000064,7.521667,0.999973,0.999946
7.531667,0.999975,0.999854,1.000061,7.531667,0.999972,0.999944
7.541667,0.999974,0.999850,1.000057,7.541667,0.999971,0.999943
7.551667,0.999972,0.999846,1.000054,7.551667,0.999970,0.999941
7.561667,0.999971,0.999842,1.000051,7.561667,0.999970,0.999940
7.571667,0.999970,0.999839,1.000047,7.571667,0.999969,0.999939
7.581667,0.999969,0.999835,1.000045,7.581667,0.999969,0.999938
7.591667,0.999967,0.999832,1.000042,7.591667,0.999969,0.999937
7.601667,0.999966,0.999829,1.000039,7.601667,0.999968,0.999936
7.611667,0.999965,0.999826,1.000037,7.611667,0.999968,0.999935
7.621667,0.999964,0.999823,1.000034,7.621667,0.999968,0.999934
7.631667,0.999963,0.999820,1.000032,7.631667,0.999968,0.999934
7.641667,0.999963,0.999818,1.000030,7.641667,0.999967,0.999934
7.651667,0.999962,0.999816,1.000028,7.651667,0.999967,0.999933
7.661667,0.999961,0.999813,1.000027,7.661667,0.999967,0.999933
7.671667,0.999961,0.999812,1.000025,7.671667,0.999968,0.999933
7.681667,0.999960,0.999810,1.000024,7.681667,0.999968,0.999933
7.691667,0.999959,0.999808,1.000023,7.691667,0.999968,0.999933
7.701667,0.999959,0.999807,1.000021,7.701667,0.999968,0.999933
7.711667,0.999959,0.999806,1.000021,7.711667,0.999968,0.999934
7.721667,0.999959,0.999805,1.000020,7.721667,0.999969,0.999934
7.731667,0.999958,0.999804,1.000019,7.731667,0.999969,0.999935
7.741667,0.999958,0.999803,1.000019,7.741667,0.999970,0.999936
7.751667,0.999958,0.999803,1.000019,7.751667,0.999970,0.999936
7.761667,0.999958,0.999802,1.000019,7.761667,0.999971,0.999937
7.771667,0.999958,0.999802,1.000019,7.771667,0.999971,0.999938
7.781667,0.999958,0.999802,1.000019,7.781667,0.999972,0.999939
7.791667,0.999959,0.999803,1.000020,7.791667,0.999973,0.999940
7.801667,0.999959,0.999803,1.000020,7.801667,0.999973,0.999942
7.811667,0.999959,0.999804,1.000021,7.811667,0.999974,0.999943
7.821667,0.999960,0.999804,1.000022,7.821667,0.999975,0.999945
7.831667,0.999960,0.999805,1.000023,7.831667,0.999976,0.999946
7.841667,0.999961,0.999806,1.000024,7.841667,0.999977,0.999948
7.851667,0.999961,0.999808,1.000026,7.851667,0.999978,0.999949
7.861667,0.999962,0.999809,1.000027,7.861667,0.999979,0.999951
7.871667,0.999963,0.999811,1.000029,7.871667,0.999980,0.999953
7.881667,0.999964,0.999812,1.000030,7.881667,0.999981,0.999955
7.891667,0.999964,0.999814,1.000032,7.891667,0.999982,0.999957
7.901667,0.999965,0.999816,1.000034,7.901667,0.999983,0.999959
7.911667,0.999966,0.999818,1.000036,7.911667,0.999984,0.999961
7.921667,0.999967,0.999820,1.000038,7.921667,0.999985,0.999963
7.931667,0.999968,0.999823,1.000041,7.931667,0.999986,0.999965
7.941667,0.999969,0.999825,1.000043,7.941667,0.999987,0.999967
7.951667,0.999971,0.999828,1.000046,7.951667,0.999989,0.999969
7.961667,0.999972,0.999831,1.000048,7.961667,0.999990,0.999971
7.971667,0.999973,0.999834,1.000051,7.971667,0.999991,0.999974
7.981667,0.999974,0.999836,1.000054,7.981667,0.999992,0.999976
7.991667,0.999975,0.999839,1.000056,7.991667,0.999993,0.999978
8.001667,0.999977,0.999843,1.000059,8.001667,0.999995,0.999981
8.011667,0.999978,0.999846,1.000062,8.011667,0.999996,0.999983
8.021667,0.999979,0.999849,1.000065,8.021667,0.999997,0.999985
8.031667,0.999981,0.999852,1.000068,8.031667,0.999998,0.999988
8.041667,0.999982,0.999856,1.000071,8.041667,1.000000,0.999990
8.051667,0.999984,0.999859,1.000075,8.051667,1.000001,0.999992
8.061667,0.999985,0.999863,1.000078,8.061667,1.000002,0.999995
8.071667,0.999986,0.999866,1.000081,8.071667,1.000003,0.999997
8.081667,0.999988,0.999870,1.000084,8.081667,1.000004,0.999999
8.091667,0.999989,0.999873,1.000087,8.091667,1.000006,1.000001
8.101667,0.999991,0.999877,1.000091,8.101667,1.000007,1.000004
8.111667,0.999992,0.999881,1.000094,8.111667,1.000008,1.000006
8.121667,0.999994,0.999884,1.000097,8.121667,1.000009,1.000008
8.131667,0.999995,0.999888,1.000100,8.131667,1.000010,1.000010
8.141667,0.999997,0.999892,1.000103,8.141667,1.000011,1.000012
8.151667,0.999998,0.999895,1.000107,8.151667,1.000012,1.000015
8.161667,1.000000,0.999899,1.000110,8.161667,1.000013,1.000017
8.171667,1.000001,0.999903,1.000113,8.171667,1.000014,1.000019
8.181667,1.000002,0.999906,1.000116,8.181667,1.000015,1.000021
8.191667,1.000004,0.999910,1.000119,8.191667,1.000016,1.000022
8.201667,1.000005,0.999913,1.000122,8.201667,1.000017,1.000024
8.211667,1.000007,0.999917,1.000125,8.211667,1.000018,1.000026
8.221667,1.000008,0.999920,1.000128,8.221667,1.000019,1.000028
8.231667,1.000009,0.999924,1.000131,8.231667,1.000020,1.000030
8.241667,1.000011,0.999927,1.000134,8.241667,1.000021,1.000031
8.251667,1.000012,0.999930,1.000136,8.251667,1.000021,1.000033
8.261667,1.000013,0.999934,1.000139,8.261667,1.000022,1.000034
8.271667,1.000014,0.999937,1.000142,8.271667,1.000023,1.000036
8.281667,1.000015,0.999940,1.000144,8.281667,1.000023,1.000037
8.291667,1.000017,0.999943,1.000146,8.291667,1.000024,1.000038
8.301667,1.000018,0.999946,1.000149,8.301667,1.000024,1.000039
8.311667,1.000019,0.999949,1.000151,8.311667,1.000025,1.000040
8.321667,1.000020,0.999951,1.000153,8.321667,1.000025,1.000041
8.331667,1.000021,0.999954,1.000155,8.331667,1.000026,1.000042
8.341667,1.000022,0.999957,1.000157,8.341667,1.000026,1.000043
8.351667,1.000023,0.999959,1.000159,8.351667,1.000027,1.000044
8.361667,1.000023,0.999961,1.000161,8.361667,1.000027,1.000045
8.371667,1.000024,0.999964,1.000162,8.371667,1.000027,1.000045
8.381667,1.000025,0.999966,1.000164,8.381667,1.000027,1.000046
8.391667,1.000026,0.999968,1.000165,8.391667,1.000027,1.000046
8.401667,1.000026,0.999970,1.000166,8.401667,1.000027,1.000047
8.411667,1.000027,0.999971,1.000168,8.411667,1.000028,1.000047
8.421667,1.000027,0.999973,1.000169,8.421667,1.000028,1.000047
8.431667,1.000028,0.999975,1.000169,8.431667,1.000027,1.000048
8.441667,1.000028,0.999976,1.000170,8.441667,1.000027,1.000048
8.451667,1.000029,0.999977,1.000171,8.451667,1.000027,1.000048
8.461667,1.000029,0.999978,1.000172,8.461667,1.000027,1.000047
8.471667,1.000029,0.999980,1.000172,8.471667,1.000027,1.000047
8.481667,1.000030,0.999980,1.000172,8.481667,1.000027,1.000047
8.491667,1.000030,0.999981,1.000173,8.491667,1.000026,1.000047
8.501667,1.000030,0.999982,1.000173,8.501667,1.000026,1.000046
8.511667,1.000030,0.999982,1.000173,8.511667,1.000026,1.000046
8.521667,1.000030,0.999983,1.000172,8.521667,1.000025,1.000045
8.531667,1.000030,0.999983,1.000172,8.531667,1.000025,1.000045
8.541667,1.000030,0.999983,1.000172,8.541667,1.000024,1.000044
8.551667,1.000030,0.999983,1.000171,8.551667,1.000024,1.000043
8.561667,1.000030,0.999983,1.000171,8.561667,1.000023,1.000042
8.571667,1.000030,0.999983,1.000170,8.571667,1.000023,1.000042
8.581667,1.000029,0.999983,1.000169,8.581667,1.000022,1.000041
8.591667,1.000029,0.999982,1.000168,8.591667,1.000022,1.000040
8.601667,1.000029,0.999982,1.000167,8.601667,1.000021,1.000039
8.611667,1.000028,0.999981,1.000166,8.611667,1.000020,1.000037
8.621667,1.000028,0.999981,1.000165,8.621667,1.000020,1.000036
8.631667,1.000027,0.999980,1.000163,8.631667,1.000019,1.000035
8.641667,1.000027,0.999979,1.000162,8.641667,1.000018,1.000034
8.651667,1.000026,0.999978,1.000160,8.651667,1.000017,1.000033
8.661667,1.000026,0.999976,1.000159,8.661667,1.000016,1.000031
8.671667,1.000025,0.999975,1.000157,8.671667,1.000016,1.000030
8.681667,1.000024,0.999974,1.000155,8.681667,1.000015,1.000028
8.691667,1.000024,0.999972,1.000154,8.691667,1.000014,1.000027
8.701667,1.000023,0.999971,1.000152,8.701667,1.000013,1.000025
8.711667,1.000022,0.999969,1.000150,8.711667,1.000012,1.000024
8.721667,1.000021,0.999968,1.000147,8.721667,1.000011,1.000022
8.731667,1.000020,0.999966,1.000145,8.731667,1.000010,1.000021
8.741667,1.000020,0.999964,1.000143,8.741667,1.000010,1.000019
8.751667,1.000019,0.999962,1.000141,8.751667,1.000009,1.000018
8.761667,1.000018,0.999960,1.000139,8.761667,1.000008,1.000016
8.771667,1.000017,0.999958,1.000136,8.771667,1.000007,1.000014
8.781667,1.000016,0.999956,1.000134,8.781667,1.000006,1.000013
8.791667,1.000015,0.999954,1.000131,8.791667,1.000005,1.000011
8.801667,1.000014,0.999952,1.000129,8.801667,1.000004,1.000009
8.811667,1.000013,0.999950,1.000126,8.811667,1.000003,1.000008
8.821667,1.000012,0.999947,1.000124,8.821667,1.000002,1.000006
8.831667,1.000011,0.999945,1.000121,8.831667,1.000001,1.000004
8.841667,1.000010,0.999943,1.000119,8.841667,1.000001,1.000003
8.851667,1.000009,0.999940,1.000116,8.851667,1.000000,1.000001
8.861667,1.000008,0.999938,1.000113,8.861667,0.999999,0.999999
8.871667,1.000007,0.999936,1.000111,8.871667,0.999998,0.999998
8.881667,1.000006,0.999933,1.000108,8.881667,0.999997,0.999996
8.891667,1.000005,0.999931,1.000105,8.891667,0.999996,0.999995
8.901667,1.000004,0.999929,1.000103,8.901667,0.999996,0.999993
8.911667,1.000003,0.999926,1.000100,8.911667,0.999995,0.999992
8.921667,1.000002,0.999924,1.000098,8.921667,0.999994,0.999990
8.931667,1.000000,0.999921,1.000095,8.931667,0.999993,0.999989
8.941667,0.999999,0.999919,1.000092,8.941667,0.999992,0.999987
8.951667,0.999998,0.999917,1.000090,8.951667,0.999992,0.999986
8.961667,0.999997,0.999914,1.000087,8.961667,0.999991,0.999984
8.971667,0.999996,0.999912,1.000085,8.971667,0.999990,0.999983
8.981667,0.999995,0.999910,1.000082,8.981667,0.999990,0.999982
8.991667,0.999994,0.999908,1.000080,8.991667,0.999989,0.999981
9.001667,0.999994,0.999905,1.000077,9.001667,0.999989,0.999979
9.011667,0.999993,0.999903,1.000075,9.011667,0.999988,0.999978
9.021667,0.999992,0.999901,1.000073,9.021667,0.999987,0.999977
9.031667,0.999991,0.999899,1.000071,9.031667,0.999987,0.999976
9.041667,0.999990,0.999897,1.000068,9.041667,0.999986,0.999975
9.051667,0.999989,0.999895,1.000066,9.051667,0.999986,0.999974
9.061667,0.999988,0.999893,1.000064,9.061667,0.999986,0.999973
9.071667,0.999988,0.999892,1.000062,9.071667,0.999985,0.999972
9.081667,0.999987,0.999890,1.000060,9.081667,0.999985,0.999971
9.091667,0.999986,0.999888,1.000058,9.091667,0.999984,0.999971
9.101667,0.999985,0.999886,1.000056,9.101667,0.999984,0.999970
9.111667,0.999985,0.999885,1.000055,9.111667,0.999984,0.999969
9.121667,0.999984,0.999883,1.000053,9.121667,0.999984,0.999969
9.131667,0.999983,0.999882,1.000051,9.131667,0.999983,0.999968
9.141667,0.999983,0.999881,1.000050,9.141667,0.999983,0.999968
9.151667,0.999982,0.999880,1.000048,9.151667,0.999983,0.999967
9.161667,0.999982,0.999878,1.000047,9.161667,0.999983,0.999967
9.171667,0.999981,0.999877,1.000046,9.171667,0.999983,0.999967
9.181667,0.999981,0.999876,1.000045,9.181667,0.999983,0.999967
9.191667,0.999981,0.999875,1.000043,9.191667,0.999983,0.999966
9.201667,0.999980,0.999875,1.000042,9.201667,0.999983,0.999966
9.211667,0.999980,0.999874,1.000041,9.211667,0.999983,0.999966
9.221667,0.999980,0.999873,1.000041,9.221667,0.999983,0.999966
9.231667,0.999979,0.999873,1.000040,9.231667,0.999983,0.999966
9.241667,0.999979,0.999872,1.000039,9.241667,0.999983,0.999966
9.251667,0.999979,0.999872,1.000038,9.251667,0.999983,0.999966
9.261667,0.999979,0.999872,1.000038,9.261667,0.999983,0.999967
9.271667,0.999979,0.999871,1.000037,9.271667,0.999984,0.999967
9.281667,0.999979,0.999871,1.000037,9.281667,0.999984,0.999967
9.291667,0.999979,0.999871,1.000037,9.291667,0.999984,0.999968
9.301667,0.999979,0.999871,1.000037,9.301667,0.999984,0.999968
9.311667,0.999979,0.999872,1.000037,9.311667,0.999985,0.999969
9.321667,0.999979,0.999872,1.000036,9.321667,0.999985,0.999969
9.331667,0.999979,0.999872,1.000037,9.331667,0.999985,0.999970
9.341667,0.999979,0.999873,1.000037,9.341667,0.999986,0.999970
9.351667,0.999979,0.999873,1.000037,9.351667,0.999986,0.999971
9.361667,0.999979,0.999874,1.000037,9.361667,0.999987,0.999972
9.371667,0.999980,0.999875,1.000037,9.371667,0.999987,0.999972
9.381667,0.999980,0.999875,1.000038,9.381667,0.999987,0.999973
9.391667,0.999980,0.999876,1.000038,9.391667,0.999988,0.999974
9.401667,0.999981,0.999877,1.000039,9.401667,0.999988,0.999975
9.411667,0.999981,0.999878,1.000040,9.411667,0.999989,0.999976
9.421667,0.999981,0.999879,1.000040,9.421667,0.999989,0.999977
9.431667,0.999982,0.999881,1.000041,9.431667,0.999990,0.999978
9.441667,0.999982,0.999882,1.000042,9.441667,0.999991,0.999979
9.451667,0.999983,0.999883,1.000043,9.451667,0.999991,0.999980
9.461667,0.999983,0.999884,1.000044,9.461667,0.999992,0.999981
9.471667,0.999984,0.999886,1.000045,9.471667,0.999992,0.999982
9.481667,0.999984,0.999887,1.000046,9.481667,0.999993,0.999983
9.491667,0.999985,0.999889,1.000047,9.491667,0.999994,0.999984
9.501667,0.999986,0.999891,1.000048,9.501667,0.999994,0.999985
9.511667,0.999986,0.999892,1.000049,9.511667,0.999995,0.999986
9.521667,0.999987,0.999894,1.000051,9.521667,0.999995,0.999987
9.531667,0.999987,0.999896,1.000052,9.531667,0.999996,0.999989
9.541667,0.999988,0.999898,1.000053,9.541667,0.999997,0.999990
9.551667,0.999989,0.999899,1.000055,9.551667,0.999997,0.999991
9.561667,0.999989,0.999901,1.000056,9.561667,0.999998,0.999992
9.571667,0.999990,0.999903,1.000057,9.571667,0.999999,0.999993
9.581667,0.999991,0.999905,1.000059,9.581667,0.999999,0.999994
9.591667,0.999992,0.999907,1.000060,9.591667,1.000000,0.999996
9.601667,0.999992,0.999909,1.000062,9.601667,1.000000,0.999997
9.611667,0.999993,0.999911,1.000063,9.611667,1.000001,0.999998
9.621667,0.999994,0.999913,1.000065,9.621667,1.000002,0.999999
9.631667,0.999995,0.999915,1.000066,9.631667,1.000002,1.000000
9.641667,0.999995,0.999917,1.000068,9.641667,1.000003,1.000002
9.651667,0.999996,0.999920,1.000069,9.651667,1.000004,1.000003
9.661667,0.999997,0.999922,1.000071,9.661667,1.000004,1.000004
9.671667,0.999998,0.999924,1.000072,9.671667,1.000005,1.000005
9.681667,0.999998,0.999926,1.000074,9.681667,1.000005,1.000006
9.691667,0.999999,0.999928,1.000075,9.691667,1.000006,1.000007
9.701667,1.000000,0.999930,1.000077,9.701667,1.000006,1.000008
9.711667,1.000001,0.999932,1.000078,9.711667,1.000007,1.000009
9.721667,1.000001,0.999934,1.000080,9.721667,1.000007,1.000010
9.731667,1.000002,0.999936,1.000081,9.731667,1.000008,1.000011
9.741667,1.000003,0.999938,1.000083,9.741667,1.000008,1.000012
9.751667,1.000003,0.999940,1.000084,9.751667,1.000009,1.000013
9.761667,1.000004,0.999942,1.000086,9.761667,1.000009,1.000014
9.771667,1.000005,0.999944,1.000087,9.771667,1.000010,1.000015
9.781667,1.000005,0.999946,1.000088,9.781667,1.000010,1.000016
9.791667,1.000006,0.999948,1.000090,9.791667,1.000010,1.000016
9.801667,1.000007,0.999950,1.000091,9.801667,1.000011,1.000017
9.811667,1.000007,0.999952,1.000092,9.811667,1.000011,1.000018
9.821667,1.000008,0.999954,1.000093,9.821667,1.000011,1.000019
9.831667,1.000009,0.999956,1.000094,9.831667,1.000012,1.000019
9.841667,1.000009,0.999957,1.000095,9.841667,1.000012,1.000020
9.851667,1.000010,0.999959,1.000097,9.851667,1.000012,1.000020
9.861667,1.000010,0.999961,1.000098,9.861667,1.000013,1.000021
9.871667,1.000011,0.999962,1.000099,9.871667,1.000013,1.000022
9.881667,1.000011,0.999964,1.000099,9.881667,1.000013,1.000022
9.891667,1.000012,0.999965,1.000100,9.891667,1.000013,1.000022
9.901667,1.000012,0.999967,1.000101,9.901667,1.000013,1.000023
9.911667,1.000012,0.999968,1.000102,9.911667,1.000013,1.000023
9.921667,1.000013,0.999970,1.000102,9.921667,1.000014,1.000023
9.931667,1.000013,0.999971,1.000103,9.931667,1.000014,1.000024
9.941667,1.000014,0.999972,1.000104,9.941667,1.000014,1.000024
9.951667,1.000014,0.999973,1.000104,9.951667,1.000014,1.000024
9.961667,1.000014,0.999974,1.000105,9.961667,1.000014,1.000024
9.971667,1.000014,0.999975,1.000105,9.971667,1.000014,1.000024
9.981667,1.000015,0.999976,1.000105,9.981667,1.000014,1.000024
9.991667,1.000015,0.999977,1.000106,9.991667,1.000014,1.000024
9.991667,1.000015,0.999977,1.000106,9.991667,1.000014,1.000024
