0.010000,-1.398304,-0.450826,-0.387784,0.010000,-1.314853,-1.855985
0.020000,-1.397068,-0.449583,-0.386547,0.020000,-1.313606,-1.855985
0.030000,-1.394638,-0.447144,-0.384119,0.030000,-1.311149,-1.855985
0.040000,-1.391078,-0.443576,-0.380571,0.040000,-1.307534,-1.855985
0.050000,-1.386457,-0.438958,-0.375983,0.050000,-1.302826,-1.855985
0.060000,-1.380850,-0.433378,-0.370445,0.060000,-1.297094,-1.855985
0.070000,-1.374334,-0.426926,-0.364050,0.070000,-1.290417,-1.855985
0.080000,-1.366991,-0.419700,-0.356897,0.080000,-1.282876,-1.855985
0.090000,-1.358902,-0.411796,-0.349082,0.090000,-1.274559,-1.855985
0.100000,-1.350149,-0.403312,-0.340705,0.100000,-1.265553,-1.855985
0.110000,-1.340817,-0.394342,-0.331860,0.110000,-1.255947,-1.855985
0.120000,-1.330986,-0.384983,-0.322645,0.120000,-1.245831,-1.855985
0.130000,-1.320740,-0.375327,-0.313153,0.130000,-1.235295,-1.855985
0.140000,-1.310159,-0.365466,-0.303479,0.140000,-1.224427,-1.855985
0.150000,-1.299321,-0.355490,-0.293715,0.150000,-1.213312,-1.855985
0.160000,-1.288307,-0.345491,-0.283952,0.160000,-1.202036,-1.855985
0.170000,-1.277194,-0.335558,-0.274283,0.170000,-1.190684,-1.855985
0.180000,-1.266064,-0.325787,-0.264804,0.180000,-1.179342,-1.855985
0.190000,-1.254995,-0.316274,-0.255611,0.190000,-1.168097,-1.855985
0.200000,-1.244068,-0.307112,-0.246799,0.200000,-1.157033,-1.855985
0.210000,-1.233357,-0.298391,-0.238455,0.210000,-1.146229,-1.855985
0.220000,-1.222935,-0.290193,-0.230663,0.220000,-1.135761,-1.855985
0.230000,-1.212871,-0.282598,-0.223497,0.230000,-1.125698,-1.855985
0.240000,-1.203230,-0.275677,-0.217027,0.240000,-1.116106,-1.855985
0.250000,-1.194073,-0.269495,-0.211312,0.250000,-1.107042,-1.855985
0.260000,-1.185458,-0.264111,-0.206407,0.260000,-1.098561,-1.855985
0.270000,-1.177437,-0.259575,-0.202355,0.270000,-1.090709,-1.855985
0.280000,-1.170058,-0.255929,-0.199191,0.280000,-1.083528,-1.855985
0.290000,-1.163365,-0.253209,-0.196943,0.290000,-1.077053,-1.855985
0.300000,-1.157395,-0.251440,-0.195629,0.300000,-1.071313,-1.855985
0.310000,-1.152185,-0.250642,-0.195258,0.310000,-1.066333,-1.855985
0.320000,-1.147762,-0.250823,-0.195831,0.320000,-1.062129,-1.855985
0.330000,-1.144152,-0.251986,-0.197340,0.330000,-1.058715,-1.855985
0.340000,-1.141375,-0.254124,-0.199773,0.340000,-1.056098,-1.855985
0.350000,-1.139449,-0.257224,-0.203113,0.350000,-1.054281,-1.855985
0.360000,-1.138385,-0.261267,-0.207343,0.360000,-1.053264,-1.855985
0.370000,-1.138196,-0.266232,-0.212447,0.370000,-1.053043,-1.855985
0.380000,-1.138888,-0.272095,-0.218410,0.380000,-1.053610,-1.855985
0.390000,-1.140465,-0.278835,-0.225214,0.390000,-1.054954,-1.855985
0.400000,-1.142927,-0.286425,-0.232838,0.400000,-1.057061,-1.855985
0.410000,-1.146269,-0.294838,-0.241255,0.410000,-1.059912,-1.855985
0.420000,-1.150482,-0.304044,-0.250432,0.420000,-1.063487,-1.855985
0.430000,-1.155554,-0.314003,-0.260331,0.430000,-1.067759,-1.855985
0.440000,-1.161467,-0.324675,-0.270906,0.440000,-1.072702,-1.855985
0.450000,-1.168200,-0.336010,-0.282108,0.450000,-1.078285,-1.855985
0.460000,-1.175728,-0.347957,-0.293880,0.460000,-1.084476,-1.855985
0.470000,-1.184022,-0.360456,-0.306165,0.470000,-1.091239,-1.855985
0.480000,-1.193051,-0.373448,-0.318899,0.480000,-1.098540,-1.855985
0.490000,-1.202780,-0.386867,-0.332015,0.490000,-1.106340,-1.855985
0.500000,-1.213172,-0.400645,-0.345447,0.500000,-1.114603,-1.855985
0.510000,-1.224188,-0.414714,-0.359124,0.510000,-1.123289,-1.855985
0.520000,-1.235786,-0.429001,-0.372975,0.520000,-1.132362,-1.855985
0.530000,-1.247924,-0.443436,-0.386932,0.530000,-1.141781,-1.855985
0.540000,-1.260558,-0.457947,-0.400923,0.540000,-1.151510,-1.855985
0.550000,-1.273642,-0.472463,-0.414883,0.550000,-1.161512,-1.855985
0.560000,-1.287131,-0.486915,-0.428745,0.560000,-1.171750,-1.855985
0.570000,-1.300979,-0.501235,-0.442447,0.570000,-1.182189,-1.855985
0.580000,-1.315140,-0.515358,-0.455928,0.580000,-1.192796,-1.855985
0.590000,-1.329566,-0.529219,-0.469130,0.590000,-1.203536,-1.855985
0.600000,-1.344208,-0.542754,-0.481996,0.600000,-1.214373,-1.855985
0.610000,-1.359019,-0.555902,-0.494471,0.610000,-1.225273,-1.855985
0.620000,-1.373949,-0.568605,-0.506508,0.620000,-1.236201,-1.855985
0.630000,-1.388952,-0.580810,-0.518059,0.630000,-1.247125,-1.855985
0.640000,-1.403982,-0.592470,-0.529089,0.640000,-1.258013,-1.855985
0.650000,-1.418997,-0.603543,-0.539565,0.650000,-1.268838,-1.855985
0.660000,-1.433955,-0.613998,-0.549465,0.660000,-1.279576,-1.855985
0.670000,-1.448819,-0.623809,-0.558775,0.670000,-1.290203,-1.855985
0.680000,-1.463555,-0.632958,-0.567488,0.680000,-1.300703,-1.855985
0.690000,-1.478131,-0.641434,-0.575605,0.690000,-1.311058,-1.855985
0.700000,-1.492519,-0.649234,-0.583134,0.700000,-1.321256,-1.855985
0.710000,-1.506691,-0.656362,-0.590091,0.710000,-1.331287,-1.855985
0.720000,-1.520627,-0.662829,-0.596497,0.720000,-1.341141,-1.855985
0.730000,-1.534303,-0.668652,-0.602379,0.730000,-1.350814,-1.855985
0.740000,-1.547704,-0.673852,-0.607770,0.740000,-1.360301,-1.855985
0.750000,-1.560812,-0.678459,-0.612706,0.750000,-1.369599,-1.855985
0.760000,-1.573613,-0.682505,-0.617221,0.760000,-1.378706,-1.855985
0.770000,-1.586093,-0.686027,-0.621345,0.770000,-1.387620,-1.855985
0.780000,-1.598239,-0.689063,-0.625101,0.780000,-1.396338,-1.855985
0.790000,-1.610036,-0.691650,-0.628507,0.790000,-1.404859,-1.855985
0.800000,-1.621475,-0.693821,-0.631582,0.800000,-1.413181,-1.855985
0.810000,-1.632544,-0.695602,-0.634342,0.810000,-1.421301,-1.855985
0.820000,-1.643236,-0.697020,-0.636808,0.820000,-1.429219,-1.855985
0.830000,-1.653545,-0.698099,-0.639003,0.830000,-1.436936,-1.855985
0.840000,-1.663466,-0.698867,-0.640949,0.840000,-1.444450,-1.855985
0.850000,-1.672996,-0.699350,-0.642672,0.850000,-1.451763,-1.855985
0.860000,-1.682134,-0.699578,-0.644197,0.860000,-1.458875,-1.855985
0.870000,-1.690879,-0.699579,-0.645551,0.870000,-1.465787,-1.855985
0.880000,-1.699232,-0.699385,-0.646764,0.880000,-1.472498,-1.855985
0.890000,-1.707197,-0.699025,-0.647862,0.890000,-1.479011,-1.855985
0.900000,-1.714775,-0.698532,-0.648874,0.900000,-1.485326,-1.855985
0.910000,-1.721970,-0.697936,-0.649830,0.910000,-1.491442,-1.855985
0.920000,-1.728788,-0.697269,-0.650757,0.920000,-1.497360,-1.855985
0.930000,-1.735233,-0.696561,-0.651683,0.930000,-1.503080,-1.855985
0.940000,-1.741311,-0.695844,-0.652636,0.940000,-1.508601,-1.855985
0.950000,-1.747029,-0.695148,-0.653642,0.950000,-1.513924,-1.855985
0.960000,-1.752394,-0.694501,-0.654725,0.960000,-1.519046,-1.855985
0.970000,-1.757412,-0.693933,-0.655910,0.970000,-1.523967,-1.855985
0.980000,-1.762091,-0.693469,-0.657218,0.980000,-1.528685,-1.855985
0.990000,-1.766437,-0.693134,-0.658670,0.990000,-1.533200,-1.855985
1.000000,-1.770459,-0.692954,-0.660284,1.000000,-1.537509,-1.855985
1.010000,-1.774164,-0.692951,-0.662077,1.010000,-1.541611,-1.855985
1.020000,-1.777558,-0.693143,-0.664063,1.020000,-1.545504,-1.855985
1.030000,-1.780651,-0.693551,-0.666255,1.030000,-1.549187,-1.855985
1.040000,-1.783448,-0.694191,-0.668662,1.040000,-1.552657,-1.855985
1.050000,-1.785957,-0.695075,-0.671293,1.050000,-1.555913,-1.855985
1.060000,-1.788185,-0.696218,-0.674152,1.060000,-1.558953,-1.855985
1.070000,-1.790139,-0.697628,-0.677244,1.070000,-1.561777,-1.855985
1.080000,-1.791826,-0.699312,-0.680568,1.080000,-1.564382,-1.855985
1.090000,-1.793252,-0.701277,-0.684125,1.090000,-1.566768,-1.855985
1.100000,-1.794424,-0.703524,-0.687910,1.100000,-1.568934,-1.855985
1.110000,-1.795347,-0.706055,-0.691917,1.110000,-1.570880,-1.855985
1.120000,-1.796028,-0.708867,-0.696140,1.120000,-1.572606,-1.855985
1.130000,-1.796472,-0.711955,-0.700568,1.130000,-1.574111,-1.855985
1.140000,-1.796686,-0.715315,-0.705190,1.140000,-1.575397,-1.855985
1.150000,-1.796676,-0.718937,-0.709994,1.150000,-1.576465,-1.855985
1.160000,-1.796446,-0.722810,-0.714964,1.160000,-1.577315,-1.855985
1.170000,-1.796003,-0.726923,-0.720085,1.170000,-1.577950,-1.855985
1.180000,-1.795352,-0.731260,-0.725339,1.180000,-1.578372,-1.855985
1.190000,-1.794499,-0.735806,-0.730708,1.190000,-1.578582,-1.855985
1.200000,-1.793448,-0.740542,-0.736173,1.200000,-1.578585,-1.855985
1.210000,-1.792207,-0.745450,-0.741713,1.210000,-1.578383,-1.855985
1.220000,-1.790780,-0.750510,-0.747308,1.220000,-1.577981,-1.855985
1.230000,-1.789174,-0.755698,-0.752938,1.230000,-1.577381,-1.855985
1.240000,-1.787395,-0.760993,-0.758581,1.240000,-1.576590,-1.855985
1.250000,-1.785449,-0.766372,-0.764224,1.250000,-1.575611,-1.855985
1.260000,-1.783346,-0.771810,-0.769854,1.260000,-1.574453,-1.855985
1.270000,-1.781093,-0.777286,-0.775462,1.270000,-1.573121,-1.855985
1.280000,-1.778699,-0.782780,-0.781043,1.280000,-1.571623,-1.855985
1.290000,-1.776176,-0.788279,-0.786595,1.290000,-1.569967,-1.855985
1.300000,-1.773532,-0.793770,-0.792113,1.300000,-1.568162,-1.855985
1.310000,-1.770778,-0.799244,-0.797594,1.310000,-1.566215,-1.855985
1.320000,-1.767923,-0.804694,-0.803034,1.320000,-1.564135,-1.855985
1.330000,-1.764979,-0.810112,-0.808430,1.330000,-1.561930,-1.855985
1.340000,-1.761954,-0.815493,-0.813778,1.340000,-1.559608,-1.855985
1.350000,-1.758857,-0.820831,-0.819075,1.350000,-1.557176,-1.855985
1.360000,-1.755700,-0.826121,-0.824317,1.360000,-1.554643,-1.855985
1.370000,-1.752490,-0.831358,-0.829502,1.370000,-1.552016,-1.855985
1.380000,-1.749237,-0.836539,-0.834626,1.380000,-1.549302,-1.855985
1.390000,-1.745950,-0.841659,-0.839686,1.390000,-1.546509,-1.855985
1.400000,-1.742637,-0.846716,-0.844678,1.400000,-1.543643,-1.855985
1.410000,-1.739307,-0.851704,-0.849601,1.410000,-1.540712,-1.855985
1.420000,-1.735969,-0.856622,-0.854451,1.420000,-1.537722,-1.855985
1.430000,-1.732631,-0.861467,-0.859225,1.430000,-1.534680,-1.855985
1.440000,-1.729300,-0.866235,-0.863920,1.440000,-1.531593,-1.855985
1.450000,-1.725986,-0.870925,-0.868535,1.450000,-1.528467,-1.855985
1.460000,-1.722696,-0.875534,-0.873067,1.460000,-1.525308,-1.855985
1.470000,-1.719437,-0.880061,-0.877514,1.470000,-1.522124,-1.855985
1.480000,-1.716218,-0.884503,-0.881875,1.480000,-1.518919,-1.855985
1.490000,-1.713046,-0.888860,-0.886148,1.490000,-1.515700,-1.855985
1.500000,-1.709928,-0.893131,-0.890333,1.500000,-1.512473,-1.855985
1.510000,-1.706871,-0.897315,-0.894429,1.510000,-1.509244,-1.855985
1.520000,-1.703882,-0.901410,-0.898435,1.520000,-1.506020,-1.855985
1.530000,-1.700969,-0.905416,-0.902352,1.530000,-1.502804,-1.855985
1.540000,-1.698137,-0.909331,-0.906182,1.540000,-1.499602,-1.855985
1.550000,-1.695393,-0.913151,-0.909924,1.550000,-1.496421,-1.855985
1.560000,-1.692742,-0.916875,-0.913580,1.560000,-1.493265,-1.855985
1.570000,-1.690192,-0.920500,-0.917153,1.570000,-1.490139,-1.855985
1.580000,-1.687748,-0.924022,-0.920644,1.580000,-1.487049,-1.855985
1.590000,-1.685414,-0.927437,-0.924057,1.590000,-1.484000,-1.855985
1.600000,-1.683196,-0.930741,-0.927394,1.600000,-1.480998,-1.855985
1.610000,-1.681098,-0.933930,-0.930657,1.610000,-1.478046,-1.855985
1.620000,-1.679125,-0.936999,-0.933848,1.620000,-1.475150,-1.855985
1.630000,-1.677279,-0.939943,-0.936969,1.630000,-1.472314,-1.855985
1.640000,-1.675565,-0.942758,-0.940020,1.640000,-1.469543,-1.855985
1.650000,-1.673986,-0.945437,-0.943001,1.650000,-1.466840,-1.855985
1.660000,-1.672542,-0.947978,-0.945911,1.660000,-1.464209,-1.855985
1.670000,-1.671236,-0.950373,-0.948749,1.670000,-1.461654,-1.855985
1.680000,-1.670071,-0.952620,-0.951515,1.680000,-1.459179,-1.855985
1.690000,-1.669045,-0.954713,-0.954205,1.690000,-1.456785,-1.855985
1.700000,-1.668161,-0.956649,-0.956817,1.700000,-1.454476,-1.855985
1.710000,-1.667418,-0.958423,-0.959350,1.710000,-1.452255,-1.855985
1.720000,-1.666816,-0.960034,-0.961800,1.720000,-1.450124,-1.855985
1.730000,-1.666354,-0.961478,-0.964165,1.730000,-1.448085,-1.855985
1.740000,-1.666032,-0.962753,-0.966442,1.740000,-1.446140,-1.855985
1.750000,-1.665849,-0.963858,-0.968628,1.750000,-1.444290,-1.855985
1.760000,-1.665802,-0.964793,-0.970721,1.760000,-1.442537,-1.855985
1.770000,-1.665890,-0.965557,-0.972718,1.770000,-1.440883,-1.855985
1.780000,-1.666112,-0.966150,-0.974618,1.780000,-1.439328,-1.855985
1.790000,-1.666464,-0.966576,-0.976419,1.790000,-1.437873,-1.855985
1.800000,-1.666944,-0.966834,-0.978118,1.800000,-1.436519,-1.855985
1.810000,-1.667549,-0.966929,-0.979716,1.810000,-1.435265,-1.855985
1.820000,-1.668276,-0.966863,-0.981212,1.820000,-1.434113,-1.855985
1.830000,-1.669122,-0.966640,-0.982605,1.830000,-1.433062,-1.855985
1.840000,-1.670083,-0.966266,-0.983895,1.840000,-1.432111,-1.855985
1.850000,-1.671156,-0.965745,-0.985084,1.850000,-1.431261,-1.855985
1.860000,-1.672337,-0.965083,-0.986172,1.860000,-1.430511,-1.855985
1.870000,-1.673622,-0.964286,-0.987160,1.870000,-1.429859,-1.855985
1.880000,-1.675006,-0.963361,-0.988052,1.880000,-1.429304,-1.855985
1.890000,-1.676486,-0.962314,-0.988849,1.890000,-1.428846,-1.855985
1.900000,-1.678057,-0.961153,-0.989554,1.900000,-1.428482,-1.855985
1.910000,-1.679714,-0.959885,-0.990170,1.910000,-1.428210,-1.855985
1.920000,-1.681453,-0.958518,-0.990700,1.920000,-1.428028,-1.855985
1.930000,-1.683269,-0.957059,-0.991149,1.930000,-1.427934,-1.855985
1.940000,-1.685157,-0.955515,-0.991520,1.940000,-1.427925,-1.855985
1.950000,-1.687113,-0.953893,-0.991817,1.950000,-1.427999,-1.855985
1.960000,-1.689130,-0.952197,-0.992046,1.960000,-1.428153,-1.855985
1.970000,-1.691204,-0.950431,-0.992208,1.970000,-1.428383,-1.855985
1.980000,-1.693329,-0.948596,-0.992307,1.980000,-1.428686,-1.855985
1.990000,-1.695500,-0.946696,-0.992344,1.990000,-1.429057,-1.855985
2.000000,-1.697709,-0.944730,-0.992319,2.000000,-1.429493,-1.855985
2.010000,-1.699951,-0.942699,-0.992233,2.010000,-1.429990,-1.855985
2.020000,-1.702220,-0.940604,-0.992084,2.020000,-1.430542,-1.855985
2.030000,-1.704511,-0.938444,-0.991872,2.030000,-1.431147,-1.855985
2.040000,-1.706816,-0.936220,-0.991597,2.040000,-1.431798,-1.855985
2.050000,-1.709129,-0.933932,-0.991256,2.050000,-1.432493,-1.855985
2.060000,-1.711447,-0.931580,-0.990851,2.060000,-1.433226,-1.855985
2.070000,-1.713761,-0.929165,-0.990379,2.070000,-1.433994,-1.855985
2.080000,-1.716069,-0.926688,-0.989842,2.080000,-1.434793,-1.855985
2.090000,-1.718364,-0.924151,-0.989240,2.090000,-1.435619,-1.855985
2.100000,-1.720641,-0.921555,-0.988573,2.100000,-1.436468,-1.855985
2.110000,-1.722896,-0.918901,-0.987843,2.110000,-1.437337,-1.855985
2.120000,-1.725126,-0.916192,-0.987050,2.120000,-1.438223,-1.855985
2.130000,-1.727324,-0.913430,-0.986196,2.130000,-1.439123,-1.855985
2.140000,-1.729489,-0.910617,-0.985284,2.140000,-1.440033,-1.855985
2.150000,-1.731616,-0.907756,-0.984314,2.150000,-1.440951,-1.855985
2.160000,-1.733702,-0.904848,-0.983290,2.160000,-1.441874,-1.855985
2.170000,-1.735744,-0.901898,-0.982214,2.170000,-1.442800,-1.855985
2.180000,-1.737739,-0.898908,-0.981087,2.180000,-1.443727,-1.855985
2.190000,-1.739684,-0.895880,-0.979913,2.190000,-1.444653,-1.855985
2.200000,-1.741577,-0.892817,-0.978694,2.200000,-1.445575,-1.855985
2.210000,-1.743416,-0.889722,-0.977433,2.210000,-1.446492,-1.855985
2.220000,-1.745198,-0.886599,-0.976132,2.220000,-1.447403,-1.855985
2.230000,-1.746922,-0.883449,-0.974794,2.230000,-1.448305,-1.855985
2.240000,-1.748586,-0.880277,-0.973422,2.240000,-1.449197,-1.855985
2.250000,-1.750189,-0.877084,-0.972018,2.250000,-1.450078,-1.855985
2.260000,-1.751730,-0.873874,-0.970585,2.260000,-1.450947,-1.855985
2.270000,-1.753207,-0.870651,-0.969126,2.270000,-1.451802,-1.855985
2.280000,-1.754620,-0.867416,-0.967644,2.280000,-1.452643,-1.855985
2.290000,-1.755969,-0.864173,-0.966141,2.290000,-1.453469,-1.855985
2.300000,-1.757253,-0.860926,-0.964621,2.300000,-1.454279,-1.855985
2.310000,-1.758473,-0.857676,-0.963086,2.310000,-1.455073,-1.855985
2.320000,-1.759629,-0.854428,-0.961539,2.320000,-1.455849,-1.855985
2.330000,-1.760721,-0.851183,-0.959982,2.330000,-1.456607,-1.855985
2.340000,-1.761749,-0.847946,-0.958420,2.340000,-1.457346,-1.855985
2.350000,-1.762715,-0.844719,-0.956854,2.350000,-1.458067,-1.855985
2.360000,-1.763618,-0.841505,-0.955287,2.360000,-1.458768,-1.855985
2.370000,-1.764460,-0.838307,-0.953723,2.370000,-1.459448,-1.855985
2.380000,-1.765241,-0.835127,-0.952163,2.380000,-1.460108,-1.855985
2.390000,-1.765962,-0.831969,-0.950610,2.390000,-1.460747,-1.855985
2.400000,-1.766623,-0.828835,-0.949067,2.400000,-1.461365,-1.855985
2.410000,-1.767226,-0.825728,-0.947537,2.410000,-1.461961,-1.855985
2.420000,-1.767772,-0.822651,-0.946022,2.420000,-1.462534,-1.855985
2.430000,-1.768261,-0.819605,-0.944523,2.430000,-1.463085,-1.855985
2.440000,-1.768694,-0.816594,-0.943044,2.440000,-1.463613,-1.855985
2.450000,-1.769073,-0.813620,-0.941587,2.450000,-1.464117,-1.855985
2.460000,-1.769397,-0.810684,-0.940153,2.460000,-1.464596,-1.855985
2.470000,-1.769669,-0.807789,-0.938745,2.470000,-1.465052,-1.855985
2.480000,-1.769889,-0.804938,-0.937364,2.480000,-1.465482,-1.855985
2.490000,-1.770058,-0.802132,-0.936014,2.490000,-1.465886,-1.855985
2.500000,-1.770177,-0.799373,-0.934694,2.500000,-1.466264,-1.855985
2.510000,-1.770248,-0.796662,-0.933407,2.510000,-1.466615,-1.855985
2.520000,-1.770270,-0.794002,-0.932154,2.520000,-1.466939,-1.855985
2.530000,-1.770245,-0.791394,-0.930937,2.530000,-1.467235,-1.855985
2.540000,-1.770175,-0.788840,-0.929758,2.540000,-1.467503,-1.855985
2.550000,-1.770059,-0.786341,-0.928617,2.550000,-1.467741,-1.855985
2.560000,-1.769899,-0.783898,-0.927515,2.560000,-1.467949,-1.855985
2.570000,-1.769696,-0.781512,-0.926454,2.570000,-1.468127,-1.855985
2.580000,-1.769451,-0.779185,-0.925435,2.580000,-1.468274,-1.855985
2.590000,-1.769165,-0.776918,-0.924458,2.590000,-1.468388,-1.855985
2.600000,-1.768839,-0.774711,-0.923524,2.600000,-1.468470,-1.855985
2.610000,-1.768473,-0.772565,-0.922635,2.610000,-1.468519,-1.855985
2.620000,-1.768069,-0.770482,-0.921790,2.620000,-1.468533,-1.855985
2.630000,-1.767628,-0.768461,-0.920990,2.630000,-1.468513,-1.855985
2.640000,-1.767151,-0.766503,-0.920236,2.640000,-1.468458,-1.855985
2.650000,-1.766638,-0.764609,-0.919528,2.650000,-1.468366,-1.855985
2.660000,-1.766091,-0.762780,-0.918866,2.660000,-1.468239,-1.855985
2.670000,-1.765510,-0.761014,-0.918251,2.670000,-1.468073,-1.855985
2.680000,-1.764897,-0.759314,-0.917682,2.680000,-1.467871,-1.855985
2.690000,-1.764253,-0.757678,-0.917161,2.690000,-1.467630,-1.855985
2.700000,-1.763578,-0.756107,-0.916685,2.700000,-1.467350,-1.855985
2.710000,-1.762875,-0.754601,-0.916257,2.710000,-1.467032,-1.855985
2.720000,-1.762143,-0.753159,-0.915875,2.720000,-1.466674,-1.855985
2.730000,-1.761384,-0.751783,-0.915539,2.730000,-1.466276,-1.855985
2.740000,-1.760599,-0.750470,-0.915250,2.740000,-1.465838,-1.855985
2.750000,-1.759790,-0.749222,-0.915006,2.750000,-1.465361,-1.855985
2.760000,-1.758956,-0.748038,-0.914808,2.760000,-1.464843,-1.855985
2.770000,-1.758101,-0.746917,-0.914655,2.770000,-1.464285,-1.855985
2.780000,-1.757224,-0.745859,-0.914547,2.780000,-1.463687,-1.855985
2.790000,-1.756327,-0.744863,-0.914482,2.790000,-1.463049,-1.855985
2.800000,-1.755411,-0.743929,-0.914462,2.800000,-1.462372,-1.855985
2.810000,-1.754477,-0.743056,-0.914484,2.810000,-1.461655,-1.855985
2.820000,-1.753528,-0.742243,-0.914548,2.820000,-1.460900,-1.855985
2.830000,-1.752563,-0.741491,-0.914654,2.830000,-1.460106,-1.855985
2.840000,-1.751585,-0.740797,-0.914801,2.840000,-1.459275,-1.855985
2.850000,-1.750595,-0.740161,-0.914988,2.850000,-1.458407,-1.855985
2.860000,-1.749594,-0.739582,-0.915214,2.860000,-1.457503,-1.855985
2.870000,-1.748584,-0.739059,-0.915479,2.870000,-1.456564,-1.855985
2.880000,-1.747567,-0.738591,-0.915782,2.880000,-1.455591,-1.855985
2.890000,-1.746543,-0.738178,-0.916121,2.890000,-1.454585,-1.855985
2.900000,-1.745514,-0.737817,-0.916496,2.900000,-1.453547,-1.855985
2.910000,-1.744482,-0.737508,-0.916906,2.910000,-1.452479,-1.855985
2.920000,-1.743449,-0.737250,-0.917350,2.920000,-1.451381,-1.855985
2.930000,-1.742416,-0.737041,-0.917827,2.930000,-1.450257,-1.855985
2.940000,-1.741385,-0.736881,-0.918335,2.940000,-1.449106,-1.855985
2.950000,-1.740357,-0.736767,-0.918874,2.950000,-1.447931,-1.855985
2.960000,-1.739334,-0.736698,-0.919443,2.960000,-1.446733,-1.855985
2.970000,-1.738318,-0.736674,-0.920040,2.970000,-1.445514,-1.855985
2.980000,-1.737310,-0.736692,-0.920664,2.980000,-1.444277,-1.855985
2.990000,-1.736312,-0.736752,-0.921312,2.990000,-1.443022,-1.855985
3.000000,-1.735326,-0.736851,-0.921984,3.000000,-1.441752,-1.855985
3.010000,-1.734353,-0.736988,-0.922678,3.010000,-1.440469,-1.855985
3.020000,-1.733394,-0.737161,-0.923391,3.020000,-1.439174,-1.855985
3.030000,-1.732452,-0.737367,-0.924124,3.030000,-1.437871,-1.855985
3.040000,-1.731528,-0.737605,-0.924874,3.040000,-1.436561,-1.855985
3.050000,-1.730623,-0.737872,-0.925641,3.050000,-1.435246,-1.855985
3.060000,-1.729740,-0.738166,-0.926424,3.060000,-1.433929,-1.855985
3.070000,-1.728879,-0.738486,-0.927221,3.070000,-1.432611,-1.855985
3.080000,-1.728043,-0.738831,-0.928033,3.080000,-1.431295,-1.855985
3.090000,-1.727232,-0.739198,-0.928857,3.090000,-1.429982,-1.855985
3.100000,-1.726448,-0.739587,-0.929692,3.100000,-1.428675,-1.855985
3.110000,-1.725692,-0.739996,-0.930538,3.110000,-1.427375,-1.855985
3.120000,-1.724965,-0.740423,-0.931393,3.120000,-1.426086,-1.855985
3.130000,-1.724268,-0.740866,-0.932257,3.130000,-1.424808,-1.855985
3.140000,-1.723603,-0.741325,-0.933127,3.140000,-1.423543,-1.855985
3.150000,-1.722971,-0.741798,-0.934003,3.150000,-1.422294,-1.855985
3.160000,-1.722371,-0.742283,-0.934883,3.160000,-1.421063,-1.855985
3.170000,-1.721806,-0.742778,-0.935766,3.170000,-1.419851,-1.855985
3.180000,-1.721275,-0.743282,-0.936650,3.180000,-1.418660,-1.855985
3.190000,-1.720780,-0.743792,-0.937534,3.190000,-1.417492,-1.855985
3.200000,-1.720321,-0.744307,-0.938417,3.200000,-1.416348,-1.855985
3.210000,-1.719898,-0.744825,-0.939297,3.210000,-1.415229,-1.855985
3.220000,-1.719512,-0.745344,-0.940173,3.220000,-1.414139,-1.855985
3.230000,-1.719163,-0.745861,-0.941043,3.230000,-1.413077,-1.855985
3.240000,-1.718852,-0.746377,-0.941906,3.240000,-1.412045,-1.855985
3.250000,-1.718577,-0.746887,-0.942761,3.250000,-1.411044,-1.855985
3.260000,-1.718341,-0.747390,-0.943605,3.260000,-1.410075,-1.855985
3.270000,-1.718142,-0.747885,-0.944439,3.270000,-1.409141,-1.855985
3.280000,-1.717980,-0.748370,-0.945259,3.280000,-1.408240,-1.855985
3.290000,-1.717856,-0.748843,-0.946066,3.290000,-1.407375,-1.855985
3.300000,-1.717769,-0.749301,-0.946857,3.300000,-1.406545,-1.855985
3.310000,-1.717718,-0.749744,-0.947631,3.310000,-1.405753,-1.855985
3.320000,-1.717704,-0.750170,-0.948388,3.320000,-1.404997,-1.855985
3.330000,-1.717726,-0.750576,-0.949125,3.330000,-1.404279,-1.855985
3.340000,-1.717783,-0.750962,-0.949842,3.340000,-1.403598,-1.855985
3.350000,-1.717875,-0.751325,-0.950537,3.350000,-1.402956,-1.855985
3.360000,-1.718002,-0.751665,-0.951209,3.360000,-1.402352,-1.855985
3.370000,-1.718161,-0.751979,-0.951858,3.370000,-1.401786,-1.855985
3.380000,-1.718354,-0.752266,-0.952481,3.380000,-1.401258,-1.855985
3.390000,-1.718578,-0.752525,-0.953078,3.390000,-1.400768,-1.855985
3.400000,-1.718833,-0.752755,-0.953647,3.400000,-1.400316,-1.855985
3.410000,-1.719118,-0.752953,-0.954189,3.410000,-1.399900,-1.855985
3.420000,-1.719432,-0.753119,-0.954701,3.420000,-1.399522,-1.855985
3.430000,-1.719773,-0.753252,-0.955183,3.430000,-1.399180,-1.855985
3.440000,-1.720142,-0.753350,-0.955635,3.440000,-1.398873,-1.855985
3.450000,-1.720537,-0.753412,-0.956054,3.450000,-1.398601,-1.855985
3.460000,-1.720956,-0.753437,-0.956441,3.460000,-1.398364,-1.855985
3.470000,-1.721398,-0.753425,-0.956795,3.470000,-1.398160,-1.855985
3.480000,-1.721863,-0.753374,-0.957115,3.480000,-1.397989,-1.855985
3.490000,-1.722349,-0.753284,-0.957401,3.490000,-1.397849,-1.855985
3.500000,-1.722855,-0.753154,-0.957651,3.500000,-1.397740,-1.855985
3.510000,-1.723379,-0.752984,-0.957866,3.510000,-1.397661,-1.855985
3.520000,-1.723920,-0.752772,-0.958046,3.520000,-1.397611,-1.855985
3.530000,-1.724478,-0.752518,-0.958189,3.530000,-1.397589,-1.855985
3.540000,-1.725050,-0.752222,-0.958296,3.540000,-1.397593,-1.855985
3.550000,-1.725635,-0.751883,-0.958365,3.550000,-1.397624,-1.855985
3.560000,-1.726233,-0.751501,-0.958398,3.560000,-1.397679,-1.855985
3.570000,-1.726841,-0.751076,-0.958394,3.570000,-1.397758,-1.855985
3.580000,-1.727459,-0.750608,-0.958351,3.580000,-1.397860,-1.855985
3.590000,-1.728086,-0.750096,-0.958272,3.590000,-1.397984,-1.855985
3.600000,-1.728719,-0.749541,-0.958155,3.600000,-1.398129,-1.855985
3.610000,-1.729359,-0.748942,-0.958001,3.610000,-1.398293,-1.855985
3.620000,-1.730003,-0.748300,-0.957810,3.620000,-1.398476,-1.855985
3.630000,-1.730651,-0.747614,-0.957581,3.630000,-1.398678,-1.855985
3.640000,-1.731302,-0.746886,-0.957317,3.640000,-1.398896,-1.855985
3.650000,-1.731953,-0.746116,-0.957016,3.650000,-1.399130,-1.855985
3.660000,-1.732605,-0.745304,-0.956679,3.660000,-1.399380,-1.855985
3.670000,-1.733257,-0.744451,-0.956308,3.670000,-1.399643,-1.855985
3.680000,-1.733906,-0.743557,-0.955902,3.680000,-1.399920,-1.855985
3.690000,-1.734553,-0.742624,-0.955462,3.690000,-1.400210,-1.855985
3.700000,-1.735196,-0.741652,-0.954989,3.700000,-1.400512,-1.855985
3.710000,-1.735834,-0.740641,-0.954483,3.710000,-1.400824,-1.855985
3.720000,-1.736467,-0.739594,-0.953946,3.720000,-1.401147,-1.855985
3.730000,-1.737093,-0.738511,-0.953378,3.730000,-1.401479,-1.855985
3.740000,-1.737711,-0.737393,-0.952781,3.740000,-1.401819,-1.855985
3.750000,-1.738322,-0.736241,-0.952154,3.750000,-1.402168,-1.855985
3.760000,-1.738923,-0.735057,-0.951500,3.760000,-1.402524,-1.855985
3.770000,-1.739515,-0.733841,-0.950818,3.770000,-1.402886,-1.855985
3.780000,-1.740096,-0.732595,-0.950110,3.780000,-1.403254,-1.855985
3.790000,-1.740666,-0.731320,-0.949378,3.790000,-1.403627,-1.855985
3.800000,-1.741224,-0.730017,-0.948621,3.800000,-1.404004,-1.855985
3.810000,-1.741770,-0.728688,-0.947842,3.810000,-1.404385,-1.855985
3.820000,-1.742303,-0.727335,-0.947041,3.820000,-1.404769,-1.855985
3.830000,-1.742823,-0.725957,-0.946219,3.830000,-1.405155,-1.855985
3.840000,-1.743329,-0.724558,-0.945378,3.840000,-1.405543,-1.855985
3.850000,-1.743821,-0.723139,-0.944519,3.850000,-1.405932,-1.855985
3.860000,-1.744299,-0.721700,-0.943642,3.860000,-1.406321,-1.855985
3.870000,-1.744762,-0.720244,-0.942750,3.870000,-1.406710,-1.855985
3.880000,-1.745211,-0.718772,-0.941843,3.880000,-1.407098,-1.855985
3.890000,-1.745644,-0.717285,-0.940922,3.890000,-1.407484,-1.855985
3.900000,-1.746061,-0.715785,-0.939989,3.900000,-1.407868,-1.855985
3.910000,-1.746463,-0.714274,-0.939044,3.910000,-1.408249,-1.855985
3.920000,-1.746848,-0.712753,-0.938090,3.920000,-1.408626,-1.855985
3.930000,-1.747217,-0.711223,-0.937127,3.930000,-1.408999,-1.855985
3.940000,-1.747570,-0.709687,-0.936156,3.940000,-1.409367,-1.855985
3.950000,-1.747905,-0.708145,-0.935178,3.950000,-1.409729,-1.855985
3.960000,-1.748223,-0.706599,-0.934196,3.960000,-1.410085,-1.855985
3.970000,-1.748524,-0.705052,-0.933209,3.970000,-1.410435,-1.855985
3.980000,-1.748807,-0.703503,-0.932219,3.980000,-1.410777,-1.855985
3.990000,-1.749073,-0.701955,-0.931228,3.990000,-1.411111,-1.855985
4.000000,-1.749320,-0.700409,-0.930236,4.000000,-1.411436,-1.855985
4.010000,-1.749549,-0.698867,-0.929244,4.010000,-1.411752,-1.855985
4.020000,-1.749760,-0.697330,-0.928253,4.020000,-1.412057,-1.855985
4.030000,-1.749952,-0.695800,-0.927265,4.030000,-1.412353,-1.855985
4.040000,-1.750126,-0.694278,-0.926281,4.040000,-1.412637,-1.855985
4.050000,-1.750281,-0.692765,-0.925301,4.050000,-1.412909,-1.855985
4.060000,-1.750417,-0.691262,-0.924327,4.060000,-1.413170,-1.855985
4.070000,-1.750534,-0.689772,-0.923359,4.070000,-1.413417,-1.855985
4.080000,-1.750633,-0.688295,-0.922399,4.080000,-1.413651,-1.855985
4.090000,-1.750712,-0.686833,-0.921448,4.090000,-1.413871,-1.855985
4.100000,-1.750772,-0.685386,-0.920506,4.100000,-1.414076,-1.855985
4.110000,-1.750813,-0.683957,-0.919574,4.110000,-1.414266,-1.855985
4.120000,-1.750835,-0.682546,-0.918653,4.120000,-1.414441,-1.855985
4.130000,-1.750838,-0.681154,-0.917744,4.130000,-1.414600,-1.855985
4.140000,-1.750823,-0.679783,-0.916847,4.140000,-1.414742,-1.855985
4.150000,-1.750788,-0.678433,-0.915964,4.150000,-1.414867,-1.855985
4.160000,-1.750735,-0.677106,-0.915095,4.160000,-1.414975,-1.855985
4.170000,-1.750663,-0.675803,-0.914241,4.170000,-1.415066,-1.855985
4.180000,-1.750572,-0.674524,-0.913403,4.180000,-1.415138,-1.855985
4.190000,-1.750463,-0.673270,-0.912580,4.190000,-1.415191,-1.855985
4.200000,-1.750337,-0.672043,-0.911775,4.200000,-1.415226,-1.855985
4.210000,-1.750192,-0.670843,-0.910986,4.210000,-1.415241,-1.855985
4.220000,-1.750030,-0.669671,-0.910215,4.220000,-1.415237,-1.855985
4.230000,-1.749850,-0.668528,-0.909463,4.230000,-1.415214,-1.855985
4.240000,-1.749654,-0.667414,-0.908729,4.240000,-1.415170,-1.855985
4.250000,-1.749441,-0.666330,-0.908015,4.250000,-1.415107,-1.855985
4.260000,-1.749211,-0.665277,-0.907320,4.260000,-1.415023,-1.855985
4.270000,-1.748966,-0.664255,-0.906645,4.270000,-1.414919,-1.855985
4.280000,-1.748705,-0.663265,-0.905991,4.280000,-1.414795,-1.855985
4.290000,-1.748429,-0.662307,-0.905357,4.290000,-1.414650,-1.855985
4.300000,-1.748139,-0.661382,-0.904744,4.300000,-1.414486,-1.855985
4.310000,-1.747834,-0.660490,-0.904151,4.310000,-1.414301,-1.855985
4.320000,-1.747516,-0.659631,-0.903580,4.320000,-1.414096,-1.855985
4.330000,-1.747185,-0.658807,-0.903031,4.330000,-1.413871,-1.855985
4.340000,-1.746841,-0.658016,-0.902503,4.340000,-1.413626,-1.855985
4.350000,-1.746485,-0.657259,-0.901997,4.350000,-1.413362,-1.855985
4.360000,-1.746118,-0.656536,-0.901512,4.360000,-1.413078,-1.855985
4.370000,-1.745741,-0.655848,-0.901049,4.370000,-1.412776,-1.855985
4.380000,-1.745353,-0.655195,-0.900608,4.380000,-1.412455,-1.855985
4.390000,-1.744956,-0.654576,-0.900188,4.390000,-1.412116,-1.855985
4.400000,-1.744551,-0.653992,-0.899790,4.400000,-1.411759,-1.855985
4.410000,-1.744138,-0.653442,-0.899413,4.410000,-1.411385,-1.855985
4.420000,-1.743718,-0.652926,-0.899058,4.420000,-1.410995,-1.855985
4.430000,-1.743292,-0.652444,-0.898724,4.430000,-1.410588,-1.855985
4.440000,-1.742860,-0.651997,-0.898411,4.440000,-1.410166,-1.855985
4.450000,-1.742424,-0.651583,-0.898119,4.450000,-1.409729,-1.855985
4.460000,-1.741983,-0.651202,-0.897847,4.460000,-1.409278,-1.855985
4.470000,-1.741540,-0.650854,-0.897595,4.470000,-1.408813,-1.855985
4.480000,-1.741095,-0.650540,-0.897363,4.480000,-1.408336,-1.855985
4.490000,-1.740648,-0.650257,-0.897150,4.490000,-1.407847,-1.855985
4.500000,-1.740200,-0.650006,-0.896957,4.500000,-1.407347,-1.855985
4.510000,-1.739753,-0.649786,-0.896782,4.510000,-1.406836,-1.855985
4.520000,-1.739307,-0.649597,-0.896626,4.520000,-1.406317,-1.855985
4.530000,-1.738862,-0.649438,-0.896487,4.530000,-1.405788,-1.855985
4.540000,-1.738421,-0.649308,-0.896366,4.540000,-1.405252,-1.855985
4.550000,-1.737982,-0.649207,-0.896262,4.550000,-1.404709,-1.855985
4.560000,-1.737548,-0.649135,-0.896173,4.560000,-1.404161,-1.855985
4.570000,-1.737119,-0.649089,-0.896101,4.570000,-1.403607,-1.855985
4.580000,-1.736696,-0.649071,-0.896044,4.580000,-1.403049,-1.855985
4.590000,-1.736279,-0.649078,-0.896001,4.590000,-1.402489,-1.855985
4.600000,-1.735869,-0.649109,-0.895972,4.600000,-1.401926,-1.855985
4.610000,-1.735467,-0.649165,-0.895956,4.610000,-1.401363,-1.855985
4.620000,-1.735074,-0.649244,-0.895953,4.620000,-1.400799,-1.855985
4.630000,-1.734690,-0.649344,-0.895961,4.630000,-1.400235,-1.855985
4.640000,-1.734316,-0.649465,-0.895981,4.640000,-1.399674,-1.855985
4.650000,-1.733952,-0.649605,-0.896012,4.650000,-1.399115,-1.855985
4.660000,-1.733600,-0.649763,-0.896052,4.660000,-1.398560,-1.855985
4.670000,-1.733259,-0.649938,-0.896101,4.670000,-1.398009,-1.855985
4.680000,-1.732930,-0.650130,-0.896158,4.680000,-1.397463,-1.855985
4.690000,-1.732615,-0.650336,-0.896223,4.690000,-1.396923,-1.855985
4.700000,-1.732312,-0.650557,-0.896294,4.700000,-1.396391,-1.855985
4.710000,-1.732023,-0.650791,-0.896371,4.710000,-1.395866,-1.855985
4.720000,-1.731748,-0.651037,-0.896453,4.720000,-1.395350,-1.855985
4.730000,-1.731488,-0.651295,-0.896538,4.730000,-1.394843,-1.855985
4.740000,-1.731242,-0.651563,-0.896627,4.740000,-1.394346,-1.855985
4.750000,-1.731012,-0.651841,-0.896717,4.750000,-1.393860,-1.855985
4.760000,-1.730797,-0.652127,-0.896810,4.760000,-1.393385,-1.855985
4.770000,-1.730598,-0.652420,-0.896902,4.770000,-1.392922,-1.855985
4.780000,-1.730415,-0.652719,-0.896995,4.780000,-1.392472,-1.855985
4.790000,-1.730249,-0.653024,-0.897087,4.790000,-1.392035,-1.855985
4.800000,-1.730099,-0.653333,-0.897177,4.800000,-1.391612,-1.855985
4.810000,-1.729965,-0.653645,-0.897266,4.810000,-1.391203,-1.855985
4.820000,-1.729848,-0.653959,-0.897351,4.820000,-1.390809,-1.855985
4.830000,-1.729748,-0.654275,-0.897433,4.830000,-1.390429,-1.855985
4.840000,-1.729665,-0.654590,-0.897510,4.840000,-1.390065,-1.855985
4.850000,-1.729598,-0.654904,-0.897583,4.850000,-1.389717,-1.855985
4.860000,-1.729549,-0.655216,-0.897650,4.860000,-1.389385,-1.855985
4.870000,-1.729515,-0.655525,-0.897710,4.870000,-1.389069,-1.855985
4.880000,-1.729499,-0.655829,-0.897764,4.880000,-1.388769,-1.855985
4.890000,-1.729498,-0.656129,-0.897809,4.890000,-1.388486,-1.855985
4.900000,-1.729514,-0.656423,-0.897846,4.900000,-1.388219,-1.855985
4.910000,-1.729546,-0.656710,-0.897874,4.910000,-1.387969,-1.855985
4.920000,-1.729593,-0.656988,-0.897892,4.920000,-1.387736,-1.855985
4.930000,-1.729655,-0.657259,-0.897900,4.930000,-1.387519,-1.855985
4.940000,-1.729733,-0.657519,-0.897896,4.940000,-1.387320,-1.855985
4.950000,-1.729825,-0.657769,-0.897880,4.950000,-1.387136,-1.855985
4.960000,-1.729932,-0.658008,-0.897853,4.960000,-1.386970,-1.855985
4.970000,-1.730052,-0.658235,-0.897812,4.970000,-1.386819,-1.855985
4.980000,-1.730186,-0.658449,-0.897758,4.980000,-1.386685,-1.855985
4.990000,-1.730333,-0.658649,-0.897690,4.990000,-1.386567,-1.855985
5.000000,-1.730493,-0.658836,-0.897607,5.000000,-1.386465,-1.855985
5.005000,-1.730579,-0.658921,-0.897558,5.005000,-1.386422,-1.855985
5.011667,-1.730698,-0.659031,-0.897488,5.011667,-1.386369,-1.855985
5.021667,-1.730884,-0.659184,-0.897373,5.021667,-1.386301,-1.855985
5.031667,-1.731081,-0.659321,-0.897241,5.031667,-1.386247,-1.855985
5.041667,-1.731288,-0.659442,-0.897093,5.041667,-1.386208,-1.855985
5.051667,-1.731506,-0.659546,-0.896929,5.051667,-1.386184,-1.855985
5.061667,-1.731733,-0.659632,-0.896748,5.061667,-1.386174,-1.855985
5.071667,-1.731969,-0.659701,-0.896549,5.071667,-1.386177,-1.855985
5.081667,-1.732214,-0.659751,-0.896334,5.081667,-1.386194,-1.855985
5.091667,-1.732467,-0.659783,-0.896101,5.091667,-1.386224,-1.855985
5.101667,-1.732728,-0.659796,-0.895850,5.101667,-1.386267,-1.855985
5.111667,-1.732995,-0.659790,-0.895582,5.111667,-1.386322,-1.855985
5.121667,-1.733269,-0.659765,-0.895295,5.121667,-1.386390,-1.855985
5.131667,-1.733548,-0.659721,-0.894991,5.131667,-1.386468,-1.855985
5.141667,-1.733833,-0.659657,-0.894669,5.141667,-1.386558,-1.855985
5.151667,-1.734123,-0.659573,-0.894330,5.151667,-1.386658,-1.855985
5.161667,-1.734416,-0.659470,-0.893972,5.161667,-1.386769,-1.855985
5.171667,-1.734714,-0.659348,-0.893597,5.171667,-1.386890,-1.855985
5.181667,-1.735014,-0.659205,-0.893204,5.181667,-1.387020,-1.855985
5.191667,-1.735317,-0.659044,-0.892793,5.191667,-1.387159,-1.855985
5.201667,-1.735622,-0.658862,-0.892366,5.201667,-1.387307,-1.855985
5.211667,-1.735928,-0.658662,-0.891921,5.211667,-1.387463,-1.855985
5.221667,-1.736235,-0.658442,-0.891459,5.221667,-1.387627,-1.855985
5.231667,-1.736542,-0.658204,-0.890981,5.231667,-1.387797,-1.855985
5.241667,-1.736849,-0.657947,-0.890486,5.241667,-1.387975,-1.855985
5.251667,-1.737155,-0.657671,-0.889975,5.251667,-1.388159,-1.855985
5.261667,-1.737460,-0.657378,-0.889449,5.261667,-1.388349,-1.855985
5.271667,-1.737763,-0.657067,-0.888907,5.271667,-1.388545,-1.855985
5.281667,-1.738064,-0.656739,-0.888350,5.281667,-1.388745,-1.855985
5.291667,-1.738363,-0.656395,-0.887778,5.291667,-1.388950,-1.855985
5.301667,-1.738658,-0.656034,-0.887192,5.301667,-1.389160,-1.855985
5.311667,-1.738950,-0.655658,-0.886592,5.311667,-1.389373,-1.855985
5.321667,-1.739237,-0.655266,-0.885979,5.321667,-1.389589,-1.855985
5.331667,-1.739520,-0.654860,-0.885353,5.331667,-1.389808,-1.855985
5.341667,-1.739799,-0.654440,-0.884715,5.341667,-1.390029,-1.855985
5.351667,-1.740072,-0.654006,-0.884065,5.351667,-1.390253,-1.855985
5.361667,-1.740339,-0.653560,-0.883403,5.361667,-1.390478,-1.855985
5.371667,-1.740601,-0.653102,-0.882731,5.371667,-1.390704,-1.855985
5.381667,-1.740856,-0.652633,-0.882048,5.381667,-1.390931,-1.855985
5.391667,-1.741104,-0.652152,-0.881355,5.391667,-1.391158,-1.855985
5.401667,-1.741345,-0.651662,-0.880654,5.401667,-1.391385,-1.855985
5.411667,-1.741579,-0.651162,-0.879943,5.411667,-1.391611,-1.855985
5.421667,-1.741806,-0.650653,-0.879225,5.421667,-1.391837,-1.855985
5.431667,-1.742025,-0.650137,-0.878499,5.431667,-1.392060,-1.855985
5.441667,-1.742236,-0.649614,-0.877766,5.441667,-1.392283,-1.855985
5.451667,-1.742439,-0.649084,-0.877027,5.451667,-1.392503,-1.855985
5.461667,-1.742634,-0.648549,-0.876282,5.461667,-1.392720,-1.855985
5.471667,-1.742820,-0.648009,-0.875532,5.471667,-1.392934,-1.855985
5.481667,-1.742998,-0.647465,-0.874778,5.481667,-1.393146,-1.855985
5.491667,-1.743168,-0.646918,-0.874020,5.491667,-1.393353,-1.855985
5.501667,-1.743328,-0.646369,-0.873259,5.501667,-1.393556,-1.855985
5.511667,-1.743480,-0.645818,-0.872495,5.511667,-1.393755,-1.855985
5.521667,-1.743623,-0.645266,-0.871728,5.521667,-1.393950,-1.855985
5.531667,-1.743756,-0.644714,-0.870961,5.531667,-1.394139,-1.855985
5.541667,-1.743880,-0.644163,-0.870192,5.541667,-1.394323,-1.855985
5.551667,-1.743995,-0.643614,-0.869424,5.551667,-1.394501,-1.855985
5.561667,-1.744100,-0.643067,-0.868655,5.561667,-1.394673,-1.855985
5.571667,-1.744196,-0.642523,-0.867887,5.571667,-1.394839,-1.855985
5.581667,-1.744282,-0.641982,-0.867121,5.581667,-1.394998,-1.855985
5.591667,-1.744359,-0.641447,-0.866357,5.591667,-1.395150,-1.855985
5.601667,-1.744426,-0.640917,-0.865595,5.601667,-1.395295,-1.855985
5.611667,-1.744483,-0.640392,-0.864836,5.611667,-1.395433,-1.855985
5.621667,-1.744531,-0.639875,-0.864081,5.621667,-1.395563,-1.855985
5.631667,-1.744568,-0.639365,-0.863330,5.631667,-1.395685,-1.855985
5.641667,-1.744597,-0.638863,-0.862584,5.641667,-1.395800,-1.855985
5.651667,-1.744615,-0.638370,-0.861842,5.651667,-1.395906,-1.855985
5.661667,-1.744624,-0.637887,-0.861106,5.661667,-1.396003,-1.855985
5.671667,-1.744623,-0.637413,-0.860376,5.671667,-1.396092,-1.855985
5.681667,-1.744612,-0.636951,-0.859653,5.681667,-1.396173,-1.855985
5.691667,-1.744592,-0.636500,-0.858936,5.691667,-1.396244,-1.855985
5.701667,-1.744563,-0.636060,-0.858227,5.701667,-1.396306,-1.855985
5.711667,-1.744524,-0.635633,-0.857525,5.711667,-1.396359,-1.855985
5.721667,-1.744476,-0.635220,-0.856831,5.721667,-1.396403,-1.855985
5.731667,-1.744419,-0.634819,-0.856146,5.731667,-1.396438,-1.855985
5.741667,-1.744353,-0.634433,-0.855470,5.741667,-1.396463,-1.855985
5.751667,-1.744278,-0.634061,-0.854802,5.751667,-1.396478,-1.855985
5.761667,-1.744195,-0.633704,-0.854144,5.761667,-1.396484,-1.855985
5.771667,-1.744103,-0.633363,-0.853496,5.771667,-1.396481,-1.855985
5.781667,-1.744002,-0.633037,-0.852857,5.781667,-1.396468,-1.855985
5.791667,-1.743894,-0.632728,-0.852229,5.791667,-1.396445,-1.855985
5.801667,-1.743778,-0.632435,-0.851611,5.801667,-1.396413,-1.855985
5.811667,-1.743653,-0.632158,-0.851004,5.811667,-1.396371,-1.855985
5.821667,-1.743522,-0.631899,-0.850408,5.821667,-1.396319,-1.855985
5.831667,-1.743383,-0.631657,-0.849823,5.831667,-1.396258,-1.855985
5.841667,-1.743238,-0.631433,-0.849249,5.841667,-1.396188,-1.855985
5.851667,-1.743085,-0.631227,-0.848686,5.851667,-1.396108,-1.855985
5.861667,-1.742927,-0.631039,-0.848135,5.861667,-1.396020,-1.855985
5.871667,-1.742762,-0.630868,-0.847595,5.871667,-1.395922,-1.855985
5.881667,-1.742592,-0.630717,-0.847067,5.881667,-1.395815,-1.855985
5.891667,-1.742416,-0.630583,-0.846551,5.891667,-1.395700,-1.855985
5.901667,-1.742235,-0.630469,-0.846047,5.901667,-1.395576,-1.855985
5.911667,-1.742049,-0.630373,-0.845554,5.911667,-1.395443,-1.855985
5.921667,-1.741860,-0.630295,-0.845073,5.921667,-1.395303,-1.855985
5.931667,-1.741666,-0.630236,-0.844604,5.931667,-1.395154,-1.855985
5.941667,-1.741468,-0.630196,-0.844146,5.941667,-1.394997,-1.855985
5.951667,-1.741267,-0.630175,-0.843701,5.951667,-1.394833,-1.855985
5.961667,-1.741064,-0.630172,-0.843267,5.961667,-1.394662,-1.855985
5.971667,-1.740858,-0.630187,-0.842844,5.971667,-1.394484,-1.855985
5.981667,-1.740650,-0.630221,-0.842433,5.981667,-1.394299,-1.855985
5.991667,-1.740440,-0.630273,-0.842034,5.991667,-1.394108,-1.855985
6.001667,-1.740228,-0.630343,-0.841645,6.001667,-1.393910,-1.855985
6.011667,-1.740016,-0.630430,-0.841268,6.011667,-1.393707,-1.855985
6.021667,-1.739804,-0.630536,-0.840902,6.021667,-1.393499,-1.855985
6.031667,-1.739591,-0.630658,-0.840546,6.031667,-1.393285,-1.855985
6.041667,-1.739378,-0.630798,-0.840201,6.041667,-1.393067,-1.855985
6.051667,-1.739166,-0.630955,-0.839866,6.051667,-1.392844,-1.855985
6.061667,-1.738955,-0.631128,-0.839542,6.061667,-1.392618,-1.855985
6.071667,-1.738745,-0.631317,-0.839227,6.071667,-1.392388,-1.855985
6.081667,-1.738537,-0.631522,-0.838921,6.081667,-1.392154,-1.855985
6.091667,-1.738331,-0.631742,-0.838626,6.091667,-1.391918,-1.855985
6.101667,-1.738128,-0.631976,-0.838339,6.101667,-1.391679,-1.855985
6.111667,-1.737927,-0.632225,-0.838061,6.111667,-1.391439,-1.855985
6.121667,-1.737729,-0.632487,-0.837791,6.121667,-1.391197,-1.855985
6.131667,-1.737535,-0.632762,-0.837529,6.131667,-1.390953,-1.855985
6.141667,-1.737344,-0.633050,-0.837275,6.141667,-1.390709,-1.855985
6.151667,-1.737158,-0.633350,-0.837029,6.151667,-1.390464,-1.855985
6.161667,-1.736976,-0.633662,-0.836790,6.161667,-1.390220,-1.855985
6.171667,-1.736799,-0.633986,-0.836558,6.171667,-1.389976,-1.855985
6.181667,-1.736627,-0.634320,-0.836332,6.181667,-1.389733,-1.855985
6.191667,-1.736459,-0.634665,-0.836112,6.191667,-1.389491,-1.855985
6.201667,-1.736298,-0.635020,-0.835898,6.201667,-1.389250,-1.855985
6.211667,-1.736142,-0.635385,-0.835689,6.211667,-1.389012,-1.855985
6.221667,-1.735992,-0.635759,-0.835485,6.221667,-1.388776,-1.855985
6.231667,-1.735849,-0.636142,-0.835285,6.231667,-1.388543,-1.855985
6.241667,-1.735711,-0.636533,-0.835090,6.241667,-1.388313,-1.855985
6.251667,-1.735581,-0.636931,-0.834898,6.251667,-1.388087,-1.855985
6.261667,-1.735457,-0.637336,-0.834710,6.261667,-1.387864,-1.855985
6.271667,-1.735339,-0.637748,-0.834524,6.271667,-1.387645,-1.855985
6.281667,-1.735229,-0.638166,-0.834341,6.281667,-1.387431,-1.855985
6.291667,-1.735127,-0.638589,-0.834160,6.291667,-1.387221,-1.855985
6.301667,-1.735031,-0.639016,-0.833980,6.301667,-1.387017,-1.855985
6.311667,-1.734943,-0.639449,-0.833801,6.311667,-1.386818,-1.855985
6.321667,-1.734862,-0.639884,-0.833624,6.321667,-1.386624,-1.855985
6.331667,-1.734789,-0.640323,-0.833447,6.331667,-1.386436,-1.855985
6.341667,-1.734723,-0.640764,-0.833269,6.341667,-1.386254,-1.855985
6.351667,-1.734665,-0.641208,-0.833091,6.351667,-1.386078,-1.855985
6.361667,-1.734615,-0.641652,-0.832913,6.361667,-1.385909,-1.855985
6.371667,-1.734572,-0.642098,-0.832733,6.371667,-1.385746,-1.855985
6.381667,-1.734537,-0.642544,-0.832551,6.381667,-1.385590,-1.855985
6.391667,-1.734509,-0.642990,-0.832367,6.391667,-1.385441,-1.855985
6.401667,-1.734489,-0.643436,-0.832181,6.401667,-1.385299,-1.855985
6.411667,-1.734477,-0.643880,-0.831992,6.411667,-1.385164,-1.855985
6.421667,-1.734472,-0.644323,-0.831800,6.421667,-1.385036,-1.855985
6.431667,-1.734475,-0.644763,-0.831605,6.431667,-1.384916,-1.855985
6.441667,-1.734485,-0.645201,-0.831405,6.441667,-1.384803,-1.855985
6.451667,-1.734502,-0.645636,-0.831201,6.451667,-1.384698,-1.855985
6.461667,-1.734526,-0.646068,-0.830993,6.461667,-1.384600,-1.855985
6.471667,-1.734557,-0.646495,-0.830780,6.471667,-1.384509,-1.855985
6.481667,-1.734595,-0.646918,-0.830562,6.481667,-1.384427,-1.855985
6.491667,-1.734640,-0.647337,-0.830338,6.491667,-1.384351,-1.855985
6.501667,-1.734692,-0.647750,-0.830108,6.501667,-1.384284,-1.855985
6.511667,-1.734750,-0.648157,-0.829873,6.511667,-1.384223,-1.855985
6.521667,-1.734814,-0.648559,-0.829631,6.521667,-1.384171,-1.855985
6.531667,-1.734884,-0.648954,-0.829383,6.531667,-1.384125,-1.855985
6.541667,-1.734960,-0.649343,-0.829128,6.541667,-1.384087,-1.855985
6.551667,-1.735041,-0.649725,-0.828866,6.551667,-1.384057,-1.855985
6.561667,-1.735128,-0.650100,-0.828597,6.561667,-1.384033,-1.855985
6.571667,-1.735221,-0.650467,-0.828321,6.571667,-1.384017,-1.855985
6.581667,-1.735318,-0.650826,-0.828037,6.581667,-1.384007,-1.855985
6.591667,-1.735420,-0.651177,-0.827745,6.591667,-1.384005,-1.855985
6.601667,-1.735527,-0.651521,-0.827446,6.601667,-1.384009,-1.855985
6.611667,-1.735638,-0.651855,-0.827139,6.611667,-1.384020,-1.855985
6.621667,-1.735753,-0.652181,-0.826824,6.621667,-1.384037,-1.855985
6.631667,-1.735872,-0.652498,-0.826500,6.631667,-1.384061,-1.855985
6.641667,-1.735994,-0.652807,-0.826169,6.641667,-1.384091,-1.855985
6.651667,-1.736120,-0.653106,-0.825829,6.651667,-1.384126,-1.855985
6.661667,-1.736249,-0.653396,-0.825481,6.661667,-1.384168,-1.855985
6.671667,-1.736380,-0.653677,-0.825125,6.671667,-1.384215,-1.855985
6.681667,-1.736514,-0.653948,-0.824760,6.681667,-1.384268,-1.855985
6.691667,-1.736651,-0.654210,-0.824387,6.691667,-1.384326,-1.855985
6.701667,-1.736789,-0.654463,-0.824005,6.701667,-1.384389,-1.855985
6.711667,-1.736930,-0.654706,-0.823616,6.711667,-1.384457,-1.855985
6.721667,-1.737071,-0.654940,-0.823218,6.721667,-1.384530,-1.855985
6.731667,-1.737214,-0.655164,-0.822812,6.731667,-1.384607,-1.855985
6.741667,-1.737358,-0.655379,-0.822397,6.741667,-1.384688,-1.855985
6.751667,-1.737503,-0.655584,-0.821975,6.751667,-1.384773,-1.855985
6.761667,-1.737648,-0.655781,-0.821545,6.761667,-1.384863,-1.855985
6.771667,-1.737794,-0.655968,-0.821107,6.771667,-1.384955,-1.855985
6.781667,-1.737939,-0.656146,-0.820661,6.781667,-1.385052,-1.855985
6.791667,-1.738084,-0.656316,-0.820208,6.791667,-1.385151,-1.855985
6.801667,-1.738229,-0.656476,-0.819747,6.801667,-1.385254,-1.855985
6.811667,-1.738372,-0.656628,-0.819279,6.811667,-1.385359,-1.855985
6.821667,-1.738515,-0.656772,-0.818804,6.821667,-1.385466,-1.855985
6.831667,-1.738657,-0.656907,-0.818322,6.831667,-1.385576,-1.855985
6.841667,-1.738797,-0.657034,-0.817833,6.841667,-1.385688,-1.855985
6.851667,-1.738935,-0.657154,-0.817338,6.851667,-1.385802,-1.855985
6.861667,-1.739072,-0.657265,-0.816836,6.861667,-1.385917,-1.855985
6.871667,-1.739206,-0.657370,-0.816329,6.871667,-1.386034,-1.855985
6.881667,-1.739339,-0.657467,-0.815815,6.881667,-1.386152,-1.855985
6.891667,-1.739468,-0.657557,-0.815296,6.891667,-1.386271,-1.855985
6.901667,-1.739596,-0.657641,-0.814772,6.901667,-1.386391,-1.855985
6.911667,-1.739720,-0.657718,-0.814243,6.911667,-1.386511,-1.855985
6.921667,-1.739841,-0.657789,-0.813708,6.921667,-1.386632,-1.855985
6.931667,-1.739959,-0.657854,-0.813170,6.931667,-1.386752,-1.855985
6.941667,-1.740074,-0.657914,-0.812626,6.941667,-1.386873,-1.855985
6.951667,-1.740185,-0.657969,-0.812079,6.951667,-1.386993,-1.855985
6.961667,-1.740293,-0.658019,-0.811528,6.961667,-1.387112,-1.855985
6.971667,-1.740397,-0.658065,-0.810974,6.971667,-1.387231,-1.855985
6.981667,-1.740497,-0.658106,-0.810417,6.981667,-1.387349,-1.855985
6.991667,-1.740593,-0.658144,-0.809857,6.991667,-1.387465,-1.855985
7.001667,-1.740684,-0.658178,-0.809294,7.001667,-1.387581,-1.855985
7.011667,-1.740772,-0.658210,-0.808729,7.011667,-1.387694,-1.855985
7.021667,-1.740855,-0.658239,-0.808162,7.021667,-1.387806,-1.855985
7.031667,-1.740934,-0.658266,-0.807593,7.031667,-1.387916,-1.855985
7.041667,-1.741008,-0.658291,-0.807023,7.041667,-1.388024,-1.855985
7.051667,-1.741078,-0.658314,-0.806452,7.051667,-1.388130,-1.855985
7.061667,-1.741143,-0.658336,-0.805880,7.061667,-1.388233,-1.855985
7.071667,-1.741203,-0.658358,-0.805308,7.071667,-1.388334,-1.855985
7.081667,-1.741259,-0.658379,-0.804735,7.081667,-1.388432,-1.855985
7.091667,-1.741310,-0.658400,-0.804163,7.091667,-1.388526,-1.855985
7.101667,-1.741356,-0.658422,-0.803591,7.101667,-1.388618,-1.855985
7.111667,-1.741397,-0.658444,-0.803020,7.111667,-1.388707,-1.855985
7.121667,-1.741433,-0.658467,-0.802450,7.121667,-1.388792,-1.855985
7.131667,-1.741465,-0.658492,-0.801881,7.131667,-1.388874,-1.855985
7.141667,-1.741492,-0.658519,-0.801313,7.141667,-1.388952,-1.855985
7.151667,-1.741514,-0.658548,-0.800748,7.151667,-1.389026,-1.855985
7.161667,-1.741531,-0.658580,-0.800184,7.161667,-1.389096,-1.855985
7.171667,-1.741544,-0.658614,-0.799623,7.171667,-1.389163,-1.855985
7.181667,-1.741552,-0.658652,-0.799065,7.181667,-1.389225,-1.855985
7.191667,-1.741555,-0.658693,-0.798509,7.191667,-1.389283,-1.855985
7.201667,-1.741553,-0.658739,-0.797957,7.201667,-1.389337,-1.855985
7.211667,-1.741547,-0.658788,-0.797408,7.211667,-1.389387,-1.855985
7.221667,-1.741537,-0.658842,-0.796862,7.221667,-1.389432,-1.855985
7.231667,-1.741522,-0.658901,-0.796320,7.231667,-1.389473,-1.855985
7.241667,-1.741502,-0.658964,-0.795782,7.241667,-1.389509,-1.855985
7.251667,-1.741478,-0.659033,-0.795249,7.251667,-1.389540,-1.855985
7.261667,-1.741450,-0.659108,-0.794720,7.261667,-1.389567,-1.855985
7.271667,-1.741418,-0.659189,-0.794195,7.271667,-1.389590,-1.855985
7.281667,-1.741381,-0.659276,-0.793676,7.281667,-1.389607,-1.855985
7.291667,-1.741341,-0.659369,-0.793161,7.291667,-1.389620,-1.855985
7.301667,-1.741296,-0.659469,-0.792651,7.301667,-1.389629,-1.855985
7.311667,-1.741248,-0.659575,-0.792147,7.311667,-1.389632,-1.855985
7.321667,-1.741196,-0.659689,-0.791648,7.321667,-1.389631,-1.855985
7.331667,-1.741140,-0.659809,-0.791154,7.331667,-1.389625,-1.855985
7.341667,-1.741081,-0.659937,-0.790667,7.341667,-1.389615,-1.855985
7.351667,-1.741019,-0.660073,-0.790185,7.351667,-1.389600,-1.855985
7.361667,-1.740953,-0.660216,-0.789709,7.361667,-1.389581,-1.855985
7.371667,-1.740884,-0.660367,-0.789239,7.371667,-1.389556,-1.855985
7.381667,-1.740813,-0.660526,-0.788775,7.381667,-1.389528,-1.855985
7.391667,-1.740738,-0.660693,-0.788317,7.391667,-1.389495,-1.855985
7.401667,-1.740661,-0.660869,-0.787866,7.401667,-1.389458,-1.855985
7.411667,-1.740582,-0.661052,-0.787421,7.411667,-1.389416,-1.855985
7.421667,-1.740500,-0.661243,-0.786982,7.421667,-1.389370,-1.855985
7.431667,-1.740415,-0.661443,-0.786550,7.431667,-1.389320,-1.855985
7.441667,-1.740329,-0.661651,-0.786124,7.441667,-1.389266,-1.855985
7.451667,-1.740241,-0.661867,-0.785704,7.451667,-1.389208,-1.855985
7.461667,-1.740152,-0.662091,-0.785291,7.461667,-1.389147,-1.855985
7.471667,-1.740060,-0.662323,-0.784884,7.471667,-1.389082,-1.855985
7.481667,-1.739968,-0.662563,-0.784484,7.481667,-1.389013,-1.855985
7.491667,-1.739874,-0.662812,-0.784090,7.491667,-1.388940,-1.855985
7.501667,-1.739779,-0.663068,-0.783703,7.501667,-1.388865,-1.855985
7.511667,-1.739683,-0.663332,-0.783322,7.511667,-1.388786,-1.855985
7.521667,-1.739587,-0.663604,-0.782947,7.521667,-1.388704,-1.855985
7.531667,-1.739490,-0.663885,-0.782578,7.531667,-1.388619,-1.855985
7.541667,-1.739392,-0.664173,-0.782216,7.541667,-1.388531,-1.855985
7.551667,-1.739295,-0.664468,-0.781860,7.551667,-1.388441,-1.855985
7.561667,-1.739197,-0.664772,-0.781509,7.561667,-1.388349,-1.855985
7.571667,-1.739100,-0.665083,-0.781165,7.571667,-1.388254,-1.855985
7.581667,-1.739003,-0.665401,-0.780827,7.581667,-1.388157,-1.855985
7.591667,-1.738906,-0.665727,-0.780494,7.591667,-1.388058,-1.855985
7.601667,-1.738810,-0.666060,-0.780167,7.601667,-1.387957,-1.855985
7.611667,-1.738715,-0.666401,-0.779845,7.611667,-1.387855,-1.855985
7.621667,-1.738620,-0.666748,-0.779529,7.621667,-1.387751,-1.855985
7.631667,-1.738527,-0.667101,-0.779218,7.631667,-1.387646,-1.855985
7.641667,-1.738435,-0.667461,-0.778912,7.641667,-1.387540,-1.855985
7.651667,-1.738345,-0.667828,-0.778611,7.651667,-1.387433,-1.855985
7.661667,-1.738256,-0.668201,-0.778315,7.661667,-1.387325,-1.855985
7.671667,-1.738168,-0.668579,-0.778023,7.671667,-1.387217,-1.855985
7.681667,-1.738082,-0.668963,-0.777736,7.681667,-1.387108,-1.855985
7.691667,-1.737998,-0.669353,-0.777453,7.691667,-1.386999,-1.855985
7.701667,-1.737917,-0.669748,-0.777174,7.701667,-1.386890,-1.855985
7.711667,-1.737837,-0.670149,-0.776900,7.711667,-1.386781,-1.855985
7.721667,-1.737760,-0.670554,-0.776629,7.721667,-1.386672,-1.855985
7.731667,-1.737685,-0.670963,-0.776361,7.731667,-1.386564,-1.855985
7.741667,-1.737613,-0.671377,-0.776097,7.741667,-1.386456,-1.855985
7.751667,-1.737543,-0.671795,-0.775836,7.751667,-1.386349,-1.855985
7.761667,-1.737476,-0.672217,-0.775579,7.761667,-1.386244,-1.855985
7.771667,-1.737411,-0.672643,-0.775324,7.771667,-1.386139,-1.855985
7.781667,-1.737350,-0.673072,-0.775071,7.781667,-1.386035,-1.855985
7.791667,-1.737291,-0.673503,-0.774821,7.791667,-1.385933,-1.855985
7.801667,-1.737236,-0.673938,-0.774573,7.801667,-1.385833,-1.855985
7.811667,-1.737183,-0.674375,-0.774327,7.811667,-1.385734,-1.855985
7.821667,-1.737134,-0.674815,-0.774083,7.821667,-1.385637,-1.855985
7.831667,-1.737088,-0.675256,-0.773840,7.831667,-1.385542,-1.855985
7.841667,-1.737045,-0.675699,-0.773599,7.841667,-1.385449,-1.855985
7.851667,-1.737005,-0.676144,-0.773359,7.851667,-1.385359,-1.855985
7.861667,-1.736969,-0.676589,-0.773119,7.861667,-1.385270,-1.855985
7.871667,-1.736935,-0.677036,-0.772881,7.871667,-1.385184,-1.855985
7.881667,-1.736906,-0.677483,-0.772643,7.881667,-1.385101,-1.855985
7.891667,-1.736880,-0.677931,-0.772405,7.891667,-1.385021,-1.855985
7.901667,-1.736857,-0.678379,-0.772168,7.901667,-1.384943,-1.855985
7.911667,-1.736837,-0.678826,-0.771930,7.911667,-1.384868,-1.855985
7.921667,-1.736821,-0.679273,-0.771692,7.921667,-1.384796,-1.855985
7.931667,-1.736809,-0.679720,-0.771454,7.931667,-1.384727,-1.855985
7.941667,-1.736799,-0.680165,-0.771215,7.941667,-1.384661,-1.855985
7.951667,-1.736793,-0.680610,-0.770975,7.951667,-1.384598,-1.855985
7.961667,-1.736791,-0.681052,-0.770734,7.961667,-1.384539,-1.855985
7.971667,-1.736792,-0.681494,-0.770492,7.971667,-1.384482,-1.855985
7.981667,-1.736796,-0.681933,-0.770249,7.981667,-1.384429,-1.855985
7.991667,-1.736803,-0.682370,-0.770004,7.991667,-1.384380,-1.855985
8.001667,-1.736814,-0.682805,-0.769757,8.001667,-1.384334,-1.855985
8.011667,-1.736827,-0.683237,-0.769509,8.011667,-1.384291,-1.855985
8.021667,-1.736844,-0.683666,-0.769258,8.021667,-1.384252,-1.855985
8.031667,-1.736864,-0.684093,-0.769006,8.031667,-1.384216,-1.855985
8.041667,-1.736887,-0.684516,-0.768751,8.041667,-1.384184,-1.855985
8.051667,-1.736913,-0.684936,-0.768494,8.051667,-1.384155,-1.855985
8.061667,-1.736942,-0.685352,-0.768234,8.061667,-1.384130,-1.855985
8.071667,-1.736973,-0.685764,-0.767971,8.071667,-1.384108,-1.855985
8.081667,-1.737007,-0.686173,-0.767706,8.081667,-1.384090,-1.855985
8.091667,-1.737044,-0.686577,-0.767438,8.091667,-1.384075,-1.855985
8.101667,-1.737083,-0.686977,-0.767166,8.101667,-1.384064,-1.855985
8.111667,-1.737125,-0.687373,-0.766892,8.111667,-1.384056,-1.855985
8.121667,-1.737169,-0.687764,-0.766614,8.121667,-1.384052,-1.855985
8.131667,-1.737215,-0.688151,-0.766334,8.131667,-1.384050,-1.855985
8.141667,-1.737264,-0.688532,-0.766049,8.141667,-1.384053,-1.855985
8.151667,-1.737314,-0.688909,-0.765762,8.151667,-1.384058,-1.855985
8.161667,-1.737367,-0.689281,-0.765471,8.161667,-1.384067,-1.855985
8.171667,-1.737421,-0.689648,-0.765176,8.171667,-1.384078,-1.855985
8.181667,-1.737477,-0.690009,-0.764878,8.181667,-1.384093,-1.855985
8.191667,-1.737534,-0.690366,-0.764576,8.191667,-1.384111,-1.855985
8.201667,-1.737594,-0.690717,-0.764271,8.201667,-1.384132,-1.855985
8.211667,-1.737654,-0.691062,-0.763962,8.211667,-1.384156,-1.855985
8.221667,-1.737716,-0.691403,-0.763649,8.221667,-1.384182,-1.855985
8.231667,-1.737779,-0.691738,-0.763332,8.231667,-1.384212,-1.855985
8.241667,-1.737843,-0.692067,-0.763012,8.241667,-1.384243,-1.855985
8.251667,-1.737908,-0.692391,-0.762688,8.251667,-1.384278,-1.855985
8.261667,-1.737973,-0.692709,-0.762360,8.261667,-1.384315,-1.855985
8.271667,-1.738040,-0.693022,-0.762029,8.271667,-1.384354,-1.855985
8.281667,-1.738107,-0.693329,-0.761694,8.281667,-1.384395,-1.855985
8.291667,-1.738174,-0.693631,-0.761356,8.291667,-1.384439,-1.855985
8.301667,-1.738242,-0.693927,-0.761014,8.301667,-1.384485,-1.855985
8.311667,-1.738310,-0.694218,-0.760668,8.311667,-1.384533,-1.855985
8.321667,-1.738378,-0.694503,-0.760319,8.321667,-1.384582,-1.855985
8.331667,-1.738446,-0.694784,-0.759967,8.331667,-1.384633,-1.855985
8.341667,-1.738514,-0.695058,-0.759611,8.341667,-1.384686,-1.855985
8.351667,-1.738581,-0.695328,-0.759252,8.351667,-1.384741,-1.855985
8.361667,-1.738649,-0.695593,-0.758890,8.361667,-1.384797,-1.855985
8.371667,-1.738716,-0.695852,-0.758524,8.371667,-1.384854,-1.855985
8.381667,-1.738782,-0.696107,-0.758156,8.381667,-1.384912,-1.855985
8.391667,-1.738848,-0.696356,-0.757785,8.391667,-1.384972,-1.855985
8.401667,-1.738912,-0.696601,-0.757410,8.401667,-1.385032,-1.855985
8.411667,-1.738976,-0.696841,-0.757034,8.411667,-1.385093,-1.855985
8.421667,-1.739039,-0.697077,-0.756654,8.421667,-1.385155,-1.855985
8.431667,-1.739101,-0.697308,-0.756272,8.431667,-1.385218,-1.855985
8.441667,-1.739162,-0.697535,-0.755888,8.441667,-1.385281,-1.855985
8.451667,-1.739222,-0.697758,-0.755501,8.451667,-1.385345,-1.855985
8.461667,-1.739280,-0.697977,-0.755113,8.461667,-1.385408,-1.855985
8.471667,-1.739337,-0.698191,-0.754722,8.471667,-1.385472,-1.855985
8.481667,-1.739392,-0.698402,-0.754329,8.481667,-1.385536,-1.855985
8.491667,-1.739446,-0.698610,-0.753935,8.491667,-1.385600,-1.855985
8.501667,-1.739498,-0.698814,-0.753539,8.501667,-1.385664,-1.855985
8.511667,-1.739548,-0.699015,-0.753142,8.511667,-1.385727,-1.855985
8.521667,-1.739597,-0.699212,-0.752743,8.521667,-1.385790,-1.855985
8.531667,-1.739644,-0.699407,-0.752343,8.531667,-1.385852,-1.855985
8.541667,-1.739688,-0.699599,-0.751942,8.541667,-1.385914,-1.855985
8.551667,-1.739731,-0.699788,-0.751540,8.551667,-1.385975,-1.855985
8.561667,-1.739772,-0.699975,-0.751138,8.561667,-1.386035,-1.855985
8.571667,-1.739810,-0.700159,-0.750734,8.571667,-1.386094,-1.855985
8.581667,-1.739847,-0.700342,-0.750331,8.581667,-1.386153,-1.855985
8.591667,-1.739881,-0.700522,-0.749927,8.591667,-1.386210,-1.855985
8.601667,-1.739914,-0.700701,-0.749523,8.601667,-1.386266,-1.855985
8.611667,-1.739944,-0.700878,-0.749119,8.611667,-1.386321,-1.855985
8.621667,-1.739971,-0.701054,-0.748715,8.621667,-1.386374,-1.855985
8.631667,-1.739997,-0.701229,-0.748312,8.631667,-1.386426,-1.855985
8.641667,-1.740020,-0.701403,-0.747909,8.641667,-1.386476,-1.855985
8.651667,-1.740041,-0.701575,-0.747506,8.651667,-1.386525,-1.855985
8.661667,-1.740059,-0.701748,-0.747105,8.661667,-1.386572,-1.855985
8.671667,-1.740075,-0.701919,-0.746704,8.671667,-1.386617,-1.855985
8.681667,-1.740089,-0.702091,-0.746304,8.681667,-1.386660,-1.855985
8.691667,-1.740100,-0.702262,-0.745906,8.691667,-1.386701,-1.855985
8.701667,-1.740109,-0.702433,-0.745508,8.701667,-1.386741,-1.855985
8.711667,-1.740116,-0.702604,-0.745113,8.711667,-1.386778,-1.855985
8.721667,-1.740121,-0.702776,-0.744719,8.721667,-1.386814,-1.855985
8.731667,-1.740123,-0.702948,-0.744326,8.731667,-1.386847,-1.855985
8.741667,-1.740122,-0.703121,-0.743936,8.741667,-1.386878,-1.855985
8.751667,-1.740120,-0.703295,-0.743547,8.751667,-1.386907,-1.855985
8.761667,-1.740115,-0.703470,-0.743161,8.761667,-1.386934,-1.855985
8.771667,-1.740108,-0.703645,-0.742777,8.771667,-1.386958,-1.855985
8.781667,-1.740099,-0.703823,-0.742395,8.781667,-1.386980,-1.855985
8.791667,-1.740087,-0.704001,-0.742016,8.791667,-1.387000,-1.855985
8.801667,-1.740074,-0.704181,-0.741639,8.801667,-1.387018,-1.855985
8.811667,-1.740058,-0.704363,-0.741265,8.811667,-1.387033,-1.855985
8.821667,-1.740041,-0.704546,-0.740894,8.821667,-1.387045,-1.855985
8.831667,-1.740021,-0.704732,-0.740525,8.831667,-1.387056,-1.855985
8.841667,-1.739999,-0.704919,-0.740160,8.841667,-1.387064,-1.855985
8.851667,-1.739976,-0.705109,-0.739797,8.851667,-1.387069,-1.855985
8.861667,-1.739951,-0.705300,-0.739438,8.861667,-1.387072,-1.855985
8.871667,-1.739923,-0.705495,-0.739082,8.871667,-1.387073,-1.855985
8.881667,-1.739895,-0.705691,-0.738729,8.881667,-1.387072,-1.855985
8.891667,-1.739864,-0.705890,-0.738379,8.891667,-1.387068,-1.855985
8.901667,-1.739832,-0.706092,-0.738033,8.901667,-1.387061,-1.855985
8.911667,-1.739798,-0.706296,-0.737691,8.911667,-1.387053,-1.855985
8.921667,-1.739763,-0.706503,-0.737351,8.921667,-1.387042,-1.855985
8.931667,-1.739727,-0.706713,-0.737016,8.931667,-1.387029,-1.855985
8.941667,-1.739689,-0.706926,-0.736684,8.941667,-1.387013,-1.855985
8.951667,-1.739650,-0.707142,-0.736355,8.951667,-1.386996,-1.855985
8.961667,-1.739610,-0.707360,-0.736031,8.961667,-1.386976,-1.855985
8.971667,-1.739569,-0.707582,-0.735709,8.971667,-1.386954,-1.855985
8.981667,-1.739526,-0.707807,-0.735392,8.981667,-1.386931,-1.855985
8.991667,-1.739483,-0.708034,-0.735078,8.991667,-1.386905,-1.855985
9.001667,-1.739439,-0.708265,-0.734769,9.001667,-1.386877,-1.855985
9.011667,-1.739394,-0.708499,-0.734462,9.011667,-1.386847,-1.855985
9.021667,-1.739349,-0.708736,-0.734160,9.021667,-1.386816,-1.855985
9.031667,-1.739303,-0.708976,-0.733861,9.031667,-1.386783,-1.855985
9.041667,-1.739256,-0.709219,-0.733566,9.041667,-1.386748,-1.855985
9.051667,-1.739209,-0.709465,-0.733275,9.051667,-1.386711,-1.855985
9.061667,-1.739161,-0.709714,-0.732987,9.061667,-1.386673,-1.855985
9.071667,-1.739113,-0.709966,-0.732703,9.071667,-1.386633,-1.855985
9.081667,-1.739065,-0.710222,-0.732423,9.081667,-1.386592,-1.855985
9.091667,-1.739017,-0.710480,-0.732146,9.091667,-1.386550,-1.855985
9.101667,-1.738969,-0.710741,-0.731873,9.101667,-1.386506,-1.855985
9.111667,-1.738921,-0.711005,-0.731603,9.111667,-1.386462,-1.855985
9.121667,-1.738873,-0.711272,-0.731337,9.121667,-1.386416,-1.855985
9.131667,-1.738825,-0.711541,-0.731074,9.131667,-1.386369,-1.855985
9.141667,-1.738778,-0.711813,-0.730815,9.141667,-1.386321,-1.855985
9.151667,-1.738730,-0.712088,-0.730558,9.151667,-1.386272,-1.855985
9.161667,-1.738684,-0.712366,-0.730305,9.161667,-1.386223,-1.855985
9.171667,-1.738637,-0.712645,-0.730056,9.171667,-1.386172,-1.855985
9.181667,-1.738592,-0.712928,-0.729809,9.181667,-1.386122,-1.855985
9.191667,-1.738547,-0.713212,-0.729565,9.191667,-1.386070,-1.855985
9.201667,-1.738502,-0.713499,-0.729325,9.201667,-1.386019,-1.855985
9.211667,-1.738459,-0.713788,-0.729087,9.211667,-1.385966,-1.855985
9.221667,-1.738416,-0.714078,-0.728851,9.221667,-1.385914,-1.855985
9.231667,-1.738374,-0.714371,-0.728619,9.231667,-1.385861,-1.855985
9.241667,-1.738333,-0.714666,-0.728389,9.241667,-1.385809,-1.855985
9.251667,-1.738293,-0.714962,-0.728162,9.251667,-1.385756,-1.855985
9.261667,-1.738255,-0.715260,-0.727937,9.261667,-1.385704,-1.855985
9.271667,-1.738217,-0.715559,-0.727714,9.271667,-1.385651,-1.855985
9.281667,-1.738181,-0.715860,-0.727494,9.281667,-1.385599,-1.855985
9.291667,-1.738145,-0.716162,-0.727276,9.291667,-1.385548,-1.855985
9.301667,-1.738112,-0.716465,-0.727059,9.301667,-1.385496,-1.855985
9.311667,-1.738079,-0.716769,-0.726845,9.311667,-1.385445,-1.855985
9.321667,-1.738048,-0.717074,-0.726633,9.321667,-1.385395,-1.855985
9.331667,-1.738018,-0.717379,-0.726422,9.331667,-1.385346,-1.855985
9.341667,-1.737990,-0.717685,-0.726213,9.341667,-1.385297,-1.855985
9.351667,-1.737963,-0.717992,-0.726005,9.351667,-1.385249,-1.855985
9.361667,-1.737938,-0.718299,-0.725799,9.361667,-1.385201,-1.855985
9.371667,-1.737915,-0.718606,-0.725594,9.371667,-1.385155,-1.855985
9.381667,-1.737893,-0.718913,-0.725390,9.381667,-1.385110,-1.855985
9.391667,-1.737872,-0.719220,-0.725187,9.391667,-1.385065,-1.855985
9.401667,-1.737853,-0.719527,-0.724985,9.401667,-1.385022,-1.855985
9.411667,-1.737836,-0.719834,-0.724784,9.411667,-1.384980,-1.855985
9.421667,-1.737821,-0.720140,-0.724584,9.421667,-1.384939,-1.855985
9.431667,-1.737807,-0.720445,-0.724384,9.431667,-1.384900,-1.855985
9.441667,-1.737795,-0.720750,-0.724185,9.441667,-1.384862,-1.855985
9.451667,-1.737784,-0.721054,-0.723986,9.451667,-1.384825,-1.855985
9.461667,-1.737775,-0.721357,-0.723788,9.461667,-1.384790,-1.855985
9.471667,-1.737768,-0.721659,-0.723590,9.471667,-1.384756,-1.855985
9.481667,-1.737763,-0.721959,-0.723392,9.481667,-1.384724,-1.855985
9.491667,-1.737759,-0.722258,-0.723194,9.491667,-1.384693,-1.855985
9.501667,-1.737757,-0.722556,-0.722996,9.501667,-1.384663,-1.855985
9.511667,-1.737756,-0.722852,-0.722798,9.511667,-1.384636,-1.855985
9.521667,-1.737757,-0.723146,-0.722599,9.521667,-1.384610,-1.855985
9.531667,-1.737760,-0.723439,-0.722400,9.531667,-1.384586,-1.855985
9.541667,-1.737765,-0.723729,-0.722201,9.541667,-1.384563,-1.855985
9.551667,-1.737771,-0.724018,-0.722001,9.551667,-1.384542,-1.855985
9.561667,-1.737778,-0.724304,-0.721801,9.561667,-1.384523,-1.855985
9.571667,-1.737787,-0.724588,-0.721600,9.571667,-1.384505,-1.855985
9.581667,-1.737798,-0.724869,-0.721398,9.581667,-1.384489,-1.855985
9.591667,-1.737810,-0.725148,-0.721196,9.591667,-1.384475,-1.855985
9.601667,-1.737824,-0.725425,-0.720992,9.601667,-1.384463,-1.855985
9.611667,-1.737839,-0.725699,-0.720788,9.611667,-1.384453,-1.855985
9.621667,-1.737855,-0.725970,-0.720582,9.621667,-1.384444,-1.855985
9.631667,-1.737872,-0.726238,-0.720376,9.631667,-1.384437,-1.855985
9.641667,-1.737891,-0.726504,-0.720168,9.641667,-1.384432,-1.855985
9.651667,-1.737912,-0.726766,-0.719959,9.651667,-1.384428,-1.855985
9.661667,-1.737933,-0.727026,-0.719749,9.661667,-1.384426,-1.855985
9.671667,-1.737955,-0.727282,-0.719538,9.671667,-1.384426,-1.855985
9.681667,-1.737979,-0.727535,-0.719325,9.681667,-1.384428,-1.855985
9.691667,-1.738004,-0.727785,-0.719111,9.691667,-1.384431,-1.855985
9.701667,-1.738029,-0.728032,-0.718895,9.701667,-1.384436,-1.855985
9.711667,-1.738056,-0.728275,-0.718678,9.711667,-1.384442,-1.855985
9.721667,-1.738084,-0.728515,-0.718460,9.721667,-1.384450,-1.855985
9.731667,-1.738112,-0.728752,-0.718240,9.731667,-1.384460,-1.855985
9.741667,-1.738141,-0.728985,-0.718019,9.741667,-1.384471,-1.855985
9.751667,-1.738171,-0.729215,-0.717796,9.751667,-1.384484,-1.855985
9.761667,-1.738202,-0.729441,-0.717571,9.761667,-1.384498,-1.855985
9.771667,-1.738233,-0.729664,-0.717345,9.771667,-1.384513,-1.855985
9.781667,-1.738265,-0.729883,-0.717118,9.781667,-1.384530,-1.855985
9.791667,-1.738297,-0.730098,-0.716888,9.791667,-1.384548,-1.855985
9.801667,-1.738330,-0.730311,-0.716658,9.801667,-1.384567,-1.855985
9.811667,-1.738363,-0.730519,-0.716426,9.811667,-1.384588,-1.855985
9.821667,-1.738396,-0.730724,-0.716192,9.821667,-1.384610,-1.855985
9.831667,-1.738430,-0.730926,-0.715957,9.831667,-1.384633,-1.855985
9.841667,-1.738464,-0.731124,-0.715720,9.841667,-1.384657,-1.855985
9.851667,-1.738498,-0.731318,-0.715482,9.851667,-1.384682,-1.855985
9.861667,-1.738532,-0.731509,-0.715242,9.861667,-1.384708,-1.855985
9.871667,-1.738566,-0.731697,-0.715001,9.871667,-1.384735,-1.855985
9.881667,-1.738600,-0.731881,-0.714758,9.881667,-1.384763,-1.855985
9.891667,-1.738634,-0.732062,-0.714514,9.891667,-1.384791,-1.855985
9.901667,-1.738668,-0.732240,-0.714269,9.901667,-1.384821,-1.855985
9.911667,-1.738702,-0.732414,-0.714023,9.911667,-1.384851,-1.855985
9.921667,-1.738735,-0.732585,-0.713775,9.921667,-1.384881,-1.855985
9.931667,-1.738769,-0.732753,-0.713526,9.931667,-1.384913,-1.855985
9.941667,-1.738801,-0.732917,-0.713276,9.941667,-1.384945,-1.855985
9.951667,-1.738834,-0.733079,-0.713025,9.951667,-1.384977,-1.855985
9.961667,-1.738866,-0.733237,-0.712773,9.961667,-1.385009,-1.855985
9.971667,-1.738897,-0.733393,-0.712519,9.971667,-1.385042,-1.855985
9.981667,-1.738928,-0.733545,-0.712265,9.981667,-1.385076,-1.855985
9.991667,-1.738959,-0.733695,-0.712010,9.991667,-1.385109,-1.855985
9.991667,-1.738959,-0.733695,-0.712010,9.991667,-1.385109,-1.855985
